commons-collections,https://www.github.com/apache/commons-collections.git
commons-codec,https://www.github.com/apache/commons-codec.git
commons-lang,https://www.github.com/apache/commons-lang.git
commons-io,https://www.github.com/apache/commons-io.git
tapestry3,https://www.github.com/apache/tapestry3.git
tapestry4,https://www.github.com/apache/tapestry4.git
xalan-j,https://www.github.com/apache/xalan-j.git
etch,https://www.github.com/apache/etch.git
zookeeper,https://www.github.com/apache/zookeeper.git
jspwiki,https://www.github.com/apache/jspwiki.git
ofbiz,https://www.github.com/apache/ofbiz.git
directory-studio,https://www.github.com/apache/directory-studio.git
felix,https://www.github.com/apache/felix.git
chainsaw,https://www.github.com/apache/chainsaw.git
maven-wagon,https://www.github.com/apache/maven-wagon.git
maven-resources,https://www.github.com/apache/maven-resources.git
camel,https://www.github.com/apache/camel.git
fop,https://www.github.com/apache/fop.git
maven-scm,https://www.github.com/apache/maven-scm.git
maven-plugins,https://www.github.com/apache/maven-plugins.git
axis2-java,https://www.github.com/apache/axis2-java.git
directory-samples,https://www.github.com/apache/directory-samples.git
maven-release,https://www.github.com/apache/maven-release.git
maven-enforcer,https://www.github.com/apache/maven-enforcer.git
synapse,https://www.github.com/apache/synapse.git
maven-mercury,https://www.github.com/apache/maven-mercury.git
cayenne,https://www.github.com/apache/cayenne.git
pig,https://www.github.com/apache/pig.git
maven-doxia-tools,https://www.github.com/apache/maven-doxia-tools.git
openjpa,https://www.github.com/apache/openjpa.git
mina,https://www.github.com/apache/mina.git
poi,https://www.github.com/apache/poi.git
nutch,https://www.github.com/apache/nutch.git
harmony-jdktools,https://www.github.com/apache/harmony-jdktools.git
maven-shared,https://www.github.com/apache/maven-shared.git
river,https://www.github.com/apache/river.git
log4j,https://www.github.com/apache/log4j.git
jsecurity,https://www.github.com/apache/jsecurity.git
activemq,https://www.github.com/apache/activemq.git
xml-graphics-commons,https://www.github.com/apache/xml-graphics-commons.git
harmony-classlib,https://www.github.com/apache/harmony-classlib.git
struts1,https://www.github.com/apache/struts1.git
httpcomponents-core,https://www.github.com/apache/httpcomponents-core.git
maven-doxia-sitetools,https://www.github.com/apache/maven-doxia-sitetools.git
struts-sandbox,https://www.github.com/apache/struts-sandbox.git
httpcomponents-client,https://www.github.com/apache/httpcomponents-client.git
jackrabbit,https://www.github.com/apache/jackrabbit.git
sanselan,https://www.github.com/apache/sanselan.git
wicket,https://www.github.com/apache/wicket.git
continuum,https://www.github.com/apache/continuum.git
maven-ant-tasks,https://www.github.com/apache/maven-ant-tasks.git
maven-plugin-testing,https://www.github.com/apache/maven-plugin-testing.git
maven-sandbox,https://www.github.com/apache/maven-sandbox.git
cassandra,https://www.github.com/apache/cassandra.git
tika,https://www.github.com/apache/tika.git
cocoon,https://www.github.com/apache/cocoon.git
directory-server,https://www.github.com/apache/directory-server.git
maven-jxr,https://www.github.com/apache/maven-jxr.git
chemistry,https://www.github.com/apache/chemistry.git
hive,https://www.github.com/apache/hive.git
batik,https://www.github.com/apache/batik.git
ode,https://www.github.com/apache/ode.git
avro,https://www.github.com/apache/avro.git
maven-artifact,https://www.github.com/apache/maven-artifact.git
maven-doxia,https://www.github.com/apache/maven-doxia.git
qpid,https://www.github.com/apache/qpid.git
abdera,https://www.github.com/apache/abdera.git
maven,https://www.github.com/apache/maven.git
maven-archetype,https://www.github.com/apache/maven-archetype.git
shindig,https://www.github.com/apache/shindig.git
maven-plugin-tools,https://www.github.com/apache/maven-plugin-tools.git
commons-logging,https://www.github.com/apache/commons-logging.git
commons-cli,https://www.github.com/apache/commons-cli.git
servicemix4-nmr,https://www.github.com/apache/servicemix4-nmr.git
servicemix-archetypes,https://www.github.com/apache/servicemix-archetypes.git
servicemix4-bundles,https://www.github.com/apache/servicemix4-bundles.git
servicemix4-kernel,https://www.github.com/apache/servicemix4-kernel.git
servicemix4-features,https://www.github.com/apache/servicemix4-features.git
servicemix3,https://www.github.com/apache/servicemix3.git
servicemix-utils,https://www.github.com/apache/servicemix-utils.git
servicemix-maven-plugins,https://www.github.com/apache/servicemix-maven-plugins.git
servicemix4-specs,https://www.github.com/apache/servicemix4-specs.git
wss4j,https://www.github.com/apache/wss4j.git
webservices-xmlschema,https://www.github.com/apache/webservices-xmlschema.git
webservices-neethi,https://www.github.com/apache/webservices-neethi.git
geronimo-specs,https://www.github.com/apache/geronimo-specs.git
geronimo-genesis,https://www.github.com/apache/geronimo-genesis.git
geronimo-xbean,https://www.github.com/apache/geronimo-xbean.git
geronimo,https://www.github.com/apache/geronimo.git
geronimo-gshell,https://www.github.com/apache/geronimo-gshell.git
geronimo-yoko,https://www.github.com/apache/geronimo-yoko.git
geronimo-javamail,https://www.github.com/apache/geronimo-javamail.git
attic-wink,https://www.github.com/apache/attic-wink.git
xmlbeans,https://www.github.com/apache/xmlbeans.git
shiro,https://www.github.com/apache/shiro.git
activemq-activeio,https://www.github.com/apache/activemq-activeio.git
activemq-protobuf,https://www.github.com/apache/activemq-protobuf.git
pdfbox,https://www.github.com/apache/pdfbox.git
aries,https://www.github.com/apache/aries.git
tuscany-sca-1.x,https://www.github.com/apache/tuscany-sca-1.x.git
tuscany-das,https://www.github.com/apache/tuscany-das.git
tuscany-sdo,https://www.github.com/apache/tuscany-sdo.git
tuscany-sca-2.x,https://www.github.com/apache/tuscany-sca-2.x.git
jmeter,https://www.github.com/apache/jmeter.git
maven-2,https://www.github.com/apache/maven-2.git
myfaces-scripting,https://www.github.com/apache/myfaces-scripting.git
ace,https://www.github.com/apache/ace.git
mina-sshd,https://www.github.com/apache/mina-sshd.git
log4j-zeroconf,https://www.github.com/apache/log4j-zeroconf.git
harmony,https://www.github.com/apache/harmony.git
log4j-extras,https://www.github.com/apache/log4j-extras.git
tomcat55,https://www.github.com/apache/tomcat55.git
karaf,https://www.github.com/apache/karaf.git
nuvem,https://www.github.com/apache/nuvem.git
attic-whirr,https://www.github.com/apache/attic-whirr.git
maven-surefire,https://www.github.com/apache/maven-surefire.git
tomcat70,https://www.github.com/apache/tomcat70.git
hama,https://www.github.com/apache/hama.git
myfaces-html5,https://www.github.com/apache/myfaces-html5.git
commons-validator,https://www.github.com/apache/commons-validator.git
webservices-commons-xmlschema,https://www.github.com/apache/webservices-commons-xmlschema.git
myfaces-extcdi,https://www.github.com/apache/myfaces-extcdi.git
xerces2-j,https://www.github.com/apache/xerces2-j.git
maven-integration-testing,https://www.github.com/apache/maven-integration-testing.git
stanbol,https://www.github.com/apache/stanbol.git
servicemix-components,https://www.github.com/apache/servicemix-components.git
geronimo-txmanager,https://www.github.com/apache/geronimo-txmanager.git
openwebbeans,https://www.github.com/apache/openwebbeans.git
activemq-apollo,https://www.github.com/apache/activemq-apollo.git
geronimo-devtools,https://www.github.com/apache/geronimo-devtools.git
geronimo-jaspi,https://www.github.com/apache/geronimo-jaspi.git
bval,https://www.github.com/apache/bval.git
clerezza,https://www.github.com/apache/clerezza.git
attic-mrunit,https://www.github.com/apache/attic-mrunit.git
bookkeeper,https://www.github.com/apache/bookkeeper.git
hcatalog,https://www.github.com/apache/hcatalog.git
vysper,https://www.github.com/apache/vysper.git
ftpserver,https://www.github.com/apache/ftpserver.git
karaf-cellar,https://www.github.com/apache/karaf-cellar.git
derby,https://www.github.com/apache/derby.git
empire-db,https://www.github.com/apache/empire-db.git
santuario-java,https://www.github.com/apache/santuario-java.git
webservices-axiom,https://www.github.com/apache/webservices-axiom.git
sqoop,https://www.github.com/apache/sqoop.git
bigtop,https://www.github.com/apache/bigtop.git
axis2-transports,https://www.github.com/apache/axis2-transports.git
kandula,https://www.github.com/apache/kandula.git
flume,https://www.github.com/apache/flume.git
sandesha,https://www.github.com/apache/sandesha.git
rampart,https://www.github.com/apache/rampart.git
kafka,https://www.github.com/apache/kafka.git
savan,https://www.github.com/apache/savan.git
pivot,https://www.github.com/apache/pivot.git
giraph,https://www.github.com/apache/giraph.git
tomcat-maven-plugin,https://www.github.com/apache/tomcat-maven-plugin.git
oozie,https://www.github.com/apache/oozie.git
ambari,https://www.github.com/apache/ambari.git
tomcat,https://www.github.com/apache/tomcat.git
accumulo,https://www.github.com/apache/accumulo.git
commons-fileupload,https://www.github.com/apache/commons-fileupload.git
httpasyncclient,https://www.github.com/apache/httpasyncclient.git
commons-compress,https://www.github.com/apache/commons-compress.git
commons-exec,https://www.github.com/apache/commons-exec.git
directmemory,https://www.github.com/apache/directmemory.git
tiles,https://www.github.com/apache/tiles.git
archiva-sandbox,https://www.github.com/apache/archiva-sandbox.git
kalumet,https://www.github.com/apache/kalumet.git
maven-app-engine,https://www.github.com/apache/maven-app-engine.git
opennlp,https://www.github.com/apache/opennlp.git
james-jspf,https://www.github.com/apache/james-jspf.git
james-mime4j,https://www.github.com/apache/james-mime4j.git
lenya,https://www.github.com/apache/lenya.git
chemistry-opencmis,https://www.github.com/apache/chemistry-opencmis.git
jackrabbit-oak,https://www.github.com/apache/jackrabbit-oak.git
chukwa,https://www.github.com/apache/chukwa.git
redback-components,https://www.github.com/apache/redback-components.git
tiles-request,https://www.github.com/apache/tiles-request.git
tiles-autotag,https://www.github.com/apache/tiles-autotag.git
tapestry-5,https://www.github.com/apache/tapestry-5.git
karaf-cave,https://www.github.com/apache/karaf-cave.git
manifoldcf,https://www.github.com/apache/manifoldcf.git
james-hupa,https://www.github.com/apache/james-hupa.git
james-postage,https://www.github.com/apache/james-postage.git
james-jdkim,https://www.github.com/apache/james-jdkim.git
james-jsieve,https://www.github.com/apache/james-jsieve.git
odftoolkit,https://www.github.com/apache/odftoolkit.git
karaf-webconsole,https://www.github.com/apache/karaf-webconsole.git
royale-compiler,https://www.github.com/apache/royale-compiler.git
drill,https://www.github.com/apache/drill.git
creadur-rat,https://www.github.com/apache/creadur-rat.git
directmemory-lightning,https://www.github.com/apache/directmemory-lightning.git
crunch,https://www.github.com/apache/crunch.git
cordova-android,https://www.github.com/apache/cordova-android.git
isis,https://www.github.com/apache/isis.git
commons-net,https://www.github.com/apache/commons-net.git
jena,https://www.github.com/apache/jena.git
oodt,https://www.github.com/apache/oodt.git
tomee,https://www.github.com/apache/tomee.git
openejb,https://www.github.com/apache/openejb.git
predictionio-sdk-java,https://www.github.com/apache/predictionio-sdk-java.git
commons-configuration,https://www.github.com/apache/commons-configuration.git
tez,https://www.github.com/apache/tez.git
cloudstack,https://www.github.com/apache/cloudstack.git
creadur-tentacles,https://www.github.com/apache/creadur-tentacles.git
creadur-whisker,https://www.github.com/apache/creadur-whisker.git
ode-jacob,https://www.github.com/apache/ode-jacob.git
oltu,https://www.github.com/apache/oltu.git
deltaspike,https://www.github.com/apache/deltaspike.git
sis,https://www.github.com/apache/sis.git
commons-beanutils,https://www.github.com/apache/commons-beanutils.git
commons-csv,https://www.github.com/apache/commons-csv.git
logging-log4j2,https://www.github.com/apache/logging-log4j2.git
fluo,https://www.github.com/apache/fluo.git
commons-pool,https://www.github.com/apache/commons-pool.git
commons-dbcp,https://www.github.com/apache/commons-dbcp.git
commons-jcs,https://www.github.com/apache/commons-jcs.git
commons-jelly,https://www.github.com/apache/commons-jelly.git
commons-jexl,https://www.github.com/apache/commons-jexl.git
commons-jxpath,https://www.github.com/apache/commons-jxpath.git
commons-ognl,https://www.github.com/apache/commons-ognl.git
commons-proxy,https://www.github.com/apache/commons-proxy.git
commons-email,https://www.github.com/apache/commons-email.git
commons-functor,https://www.github.com/apache/commons-functor.git
commons-imaging,https://www.github.com/apache/commons-imaging.git
commons-jci,https://www.github.com/apache/commons-jci.git
commons-bsf,https://www.github.com/apache/commons-bsf.git
commons-chain,https://www.github.com/apache/commons-chain.git
commons-dbutils,https://www.github.com/apache/commons-dbutils.git
commons-digester,https://www.github.com/apache/commons-digester.git
commons-bcel,https://www.github.com/apache/commons-bcel.git
commons-vfs,https://www.github.com/apache/commons-vfs.git
falcon,https://www.github.com/apache/falcon.git
metamodel,https://www.github.com/apache/metamodel.git
manifoldcf-integration-solr-3.x,https://www.github.com/apache/manifoldcf-integration-solr-3.x.git
manifoldcf-integration-solr-4.x,https://www.github.com/apache/manifoldcf-integration-solr-4.x.git
commons-weaver,https://www.github.com/apache/commons-weaver.git
aurora,https://www.github.com/apache/aurora.git
storm,https://www.github.com/apache/storm.git
usergrid,https://www.github.com/apache/usergrid.git
click,https://www.github.com/apache/click.git
velocity-engine,https://www.github.com/apache/velocity-engine.git
velocity-tools,https://www.github.com/apache/velocity-tools.git
uima-uimaj,https://www.github.com/apache/uima-uimaj.git
axis1-java,https://www.github.com/apache/axis1-java.git
uima-addons,https://www.github.com/apache/uima-addons.git
uima-as,https://www.github.com/apache/uima-as.git
uima-ducc,https://www.github.com/apache/uima-ducc.git
uima-ruta,https://www.github.com/apache/uima-ruta.git
uima-sandbox,https://www.github.com/apache/uima-sandbox.git
uima-uimafit,https://www.github.com/apache/uima-uimafit.git
cordova-amazon-fireos,https://www.github.com/apache/cordova-amazon-fireos.git
karaf-eik,https://www.github.com/apache/karaf-eik.git
river-container,https://www.github.com/apache/river-container.git
jclouds,https://www.github.com/apache/jclouds.git
helix,https://www.github.com/apache/helix.git
datafu,https://www.github.com/apache/datafu.git
struts,https://www.github.com/apache/struts.git
jackrabbit-filevault,https://www.github.com/apache/jackrabbit-filevault.git
jackrabbit-ocm,https://www.github.com/apache/jackrabbit-ocm.git
marmotta,https://www.github.com/apache/marmotta.git
airavata,https://www.github.com/apache/airavata.git
wookie,https://www.github.com/apache/wookie.git
cxf,https://www.github.com/apache/cxf.git
juddi-scout,https://www.github.com/apache/juddi-scout.git
juddi,https://www.github.com/apache/juddi.git
knox,https://www.github.com/apache/knox.git
curator,https://www.github.com/apache/curator.git
cxf-build-utils,https://www.github.com/apache/cxf-build-utils.git
cxf-dosgi,https://www.github.com/apache/cxf-dosgi.git
cxf-fediz,https://www.github.com/apache/cxf-fediz.git
cxf-xjc-utils,https://www.github.com/apache/cxf-xjc-utils.git
struts-examples,https://www.github.com/apache/struts-examples.git
samza-hello-samza,https://www.github.com/apache/samza-hello-samza.git
streams,https://www.github.com/apache/streams.git
attic-rave,https://www.github.com/apache/attic-rave.git
tajo,https://www.github.com/apache/tajo.git
servicemix,https://www.github.com/apache/servicemix.git
archiva,https://www.github.com/apache/archiva.git
archiva-redback-core,https://www.github.com/apache/archiva-redback-core.git
olingo-odata2,https://www.github.com/apache/olingo-odata2.git
olingo-odata4,https://www.github.com/apache/olingo-odata4.git
maven-indexer,https://www.github.com/apache/maven-indexer.git
flex-blazeds,https://www.github.com/apache/flex-blazeds.git
gora,https://www.github.com/apache/gora.git
hbase,https://www.github.com/apache/hbase.git
mahout,https://www.github.com/apache/mahout.git
portals-pluto,https://www.github.com/apache/portals-pluto.git
ant-antlibs-antunit,https://www.github.com/apache/ant-antlibs-antunit.git
ant-antlibs-compress,https://www.github.com/apache/ant-antlibs-compress.git
ant-antlibs-dotnet,https://www.github.com/apache/ant-antlibs-dotnet.git
ant-antlibs-props,https://www.github.com/apache/ant-antlibs-props.git
ant-antlibs-svn,https://www.github.com/apache/ant-antlibs-svn.git
ant-antlibs-vss,https://www.github.com/apache/ant-antlibs-vss.git
ant-ivy,https://www.github.com/apache/ant-ivy.git
ant-ivyde,https://www.github.com/apache/ant-ivyde.git
ant,https://www.github.com/apache/ant.git
attic-stratos,https://www.github.com/apache/attic-stratos.git
phoenix,https://www.github.com/apache/phoenix.git
flink,https://www.github.com/apache/flink.git
parquet-format,https://www.github.com/apache/parquet-format.git
parquet-mr,https://www.github.com/apache/parquet-mr.git
ant-easyant-buildtypes,https://www.github.com/apache/ant-easyant-buildtypes.git
ant-easyant-core,https://www.github.com/apache/ant-easyant-core.git
ant-easyant-easyant4e,https://www.github.com/apache/ant-easyant-easyant4e.git
ant-easyant-plugins,https://www.github.com/apache/ant-easyant-plugins.git
ant-easyant-tasks,https://www.github.com/apache/ant-easyant-tasks.git
calcite,https://www.github.com/apache/calcite.git
activemq-openwire,https://www.github.com/apache/activemq-openwire.git
ranger,https://www.github.com/apache/ranger.git
hadoop,https://www.github.com/apache/hadoop.git
ddlutils,https://www.github.com/apache/ddlutils.git
johnzon,https://www.github.com/apache/johnzon.git
qpid-jms,https://www.github.com/apache/qpid-jms.git
commons-math,https://www.github.com/apache/commons-math.git
hadoop-common,https://www.github.com/apache/hadoop-common.git
hadoop-hdfs,https://www.github.com/apache/hadoop-hdfs.git
hadoop-mapreduce,https://www.github.com/apache/hadoop-mapreduce.git
reef,https://www.github.com/apache/reef.git
syncope,https://www.github.com/apache/syncope.git
fop-pdf-images,https://www.github.com/apache/fop-pdf-images.git
tomcat80,https://www.github.com/apache/tomcat80.git
commons-text,https://www.github.com/apache/commons-text.git
lens,https://www.github.com/apache/lens.git
ctakes,https://www.github.com/apache/ctakes.git
nifi,https://www.github.com/apache/nifi.git
kylin,https://www.github.com/apache/kylin.git
tinkerpop,https://www.github.com/apache/tinkerpop.git
streams-examples,https://www.github.com/apache/streams-examples.git
ignite,https://www.github.com/apache/ignite.git
cordova-plugin-whitelist,https://www.github.com/apache/cordova-plugin-whitelist.git
asterixdb,https://www.github.com/apache/asterixdb.git
servicemix-bundles,https://www.github.com/apache/servicemix-bundles.git
servicemix-specs,https://www.github.com/apache/servicemix-specs.git
struts-annotations,https://www.github.com/apache/struts-annotations.git
openmeetings,https://www.github.com/apache/openmeetings.git
samza,https://www.github.com/apache/samza.git
clerezza-rdf-core,https://www.github.com/apache/clerezza-rdf-core.git
directory-kerby,https://www.github.com/apache/directory-kerby.git
vxquery,https://www.github.com/apache/vxquery.git
commons-rdf,https://www.github.com/apache/commons-rdf.git
zeppelin,https://www.github.com/apache/zeppelin.git
asterixdb-hyracks,https://www.github.com/apache/asterixdb-hyracks.git
attic-polygene-java,https://www.github.com/apache/attic-polygene-java.git
attic-polygene-sandbox,https://www.github.com/apache/attic-polygene-sandbox.git
groovy,https://www.github.com/apache/groovy.git
geode,https://www.github.com/apache/geode.git
predictionio-template-java-ecom-recommender,https://www.github.com/apache/predictionio-template-java-ecom-recommender.git
activemq-artemis,https://www.github.com/apache/activemq-artemis.git
commons-scxml,https://www.github.com/apache/commons-scxml.git
james-project,https://www.github.com/apache/james-project.git
nifi-maven,https://www.github.com/apache/nifi-maven.git
apex-core,https://www.github.com/apache/apex-core.git
apex-malhar,https://www.github.com/apache/apex-malhar.git
fluo-recipes,https://www.github.com/apache/fluo-recipes.git
freemarker-docgen,https://www.github.com/apache/freemarker-docgen.git
freemarker,https://www.github.com/apache/freemarker.git
directory-fortress-commander,https://www.github.com/apache/directory-fortress-commander.git
directory-fortress-core,https://www.github.com/apache/directory-fortress-core.git
directory-fortress-enmasse,https://www.github.com/apache/directory-fortress-enmasse.git
directory-fortress-realm,https://www.github.com/apache/directory-fortress-realm.git
systemml,https://www.github.com/apache/systemml.git
eagle,https://www.github.com/apache/eagle.git
brooklyn-docs,https://www.github.com/apache/brooklyn-docs.git
brooklyn-library,https://www.github.com/apache/brooklyn-library.git
brooklyn-server,https://www.github.com/apache/brooklyn-server.git
metron,https://www.github.com/apache/metron.git
fineract,https://www.github.com/apache/fineract.git
lucene-solr,https://www.github.com/apache/lucene-solr.git
beam,https://www.github.com/apache/beam.git
aries-rsa,https://www.github.com/apache/aries-rsa.git
nifi-minifi,https://www.github.com/apache/nifi-minifi.git
guacamole-client,https://www.github.com/apache/guacamole-client.git
sentry,https://www.github.com/apache/sentry.git
mnemonic,https://www.github.com/apache/mnemonic.git
tomcat85,https://www.github.com/apache/tomcat85.git
cordova-plugin-compat,https://www.github.com/apache/cordova-plugin-compat.git
commons-crypto,https://www.github.com/apache/commons-crypto.git
karaf-boot,https://www.github.com/apache/karaf-boot.git
pulsar,https://www.github.com/apache/pulsar.git
struts-archetypes,https://www.github.com/apache/struts-archetypes.git
distributedlog,https://www.github.com/apache/distributedlog.git
twill,https://www.github.com/apache/twill.git
juneau,https://www.github.com/apache/juneau.git
commons-rng,https://www.github.com/apache/commons-rng.git
bahir-flink,https://www.github.com/apache/bahir-flink.git
usergrid-android,https://www.github.com/apache/usergrid-android.git
usergrid-java,https://www.github.com/apache/usergrid-java.git
asterixdb-bad,https://www.github.com/apache/asterixdb-bad.git
maven-resolver,https://www.github.com/apache/maven-resolver.git
opennlp-addons,https://www.github.com/apache/opennlp-addons.git
opennlp-sandbox,https://www.github.com/apache/opennlp-sandbox.git
commons-numbers,https://www.github.com/apache/commons-numbers.git
logging-log4j-audit,https://www.github.com/apache/logging-log4j-audit.git
logging-log4j-tools,https://www.github.com/apache/logging-log4j-tools.git
accumulo-bsp,https://www.github.com/apache/accumulo-bsp.git
accumulo-instamo-archetype,https://www.github.com/apache/accumulo-instamo-archetype.git
accumulo-pig,https://www.github.com/apache/accumulo-pig.git
accumulo-wikisearch,https://www.github.com/apache/accumulo-wikisearch.git
aries-jax-rs-whiteboard,https://www.github.com/apache/aries-jax-rs-whiteboard.git
usergrid-qakka,https://www.github.com/apache/usergrid-qakka.git
rocketmq,https://www.github.com/apache/rocketmq.git
accumulo-examples,https://www.github.com/apache/accumulo-examples.git
meecrowave,https://www.github.com/apache/meecrowave.git
qpid-proton-j,https://www.github.com/apache/qpid-proton-j.git
accumulo-testing,https://www.github.com/apache/accumulo-testing.git
geode-examples,https://www.github.com/apache/geode-examples.git
cayenne-modeler,https://www.github.com/apache/cayenne-modeler.git
logging-log4j-boot,https://www.github.com/apache/logging-log4j-boot.git
activemq-cli-tools,https://www.github.com/apache/activemq-cli-tools.git
ofbiz-framework,https://www.github.com/apache/ofbiz-framework.git
nifi-registry,https://www.github.com/apache/nifi-registry.git
griffin,https://www.github.com/apache/griffin.git
qpid-jms-amqp-0-x,https://www.github.com/apache/qpid-jms-amqp-0-x.git
freemarker-online-tester,https://www.github.com/apache/freemarker-online-tester.git
activemq-nms-openwire-generator,https://www.github.com/apache/activemq-nms-openwire-generator.git
rocketmq-externals,https://www.github.com/apache/rocketmq-externals.git
struts-extras,https://www.github.com/apache/struts-extras.git
calcite-avatica,https://www.github.com/apache/calcite-avatica.git
aries-jpa,https://www.github.com/apache/aries-jpa.git
qpid-broker-j,https://www.github.com/apache/qpid-broker-j.git
servicecomb-java-chassis,https://www.github.com/apache/servicecomb-java-chassis.git
aries-containers,https://www.github.com/apache/aries-containers.git
logging-chainsaw,https://www.github.com/apache/logging-chainsaw.git
tomee-site-generator,https://www.github.com/apache/tomee-site-generator.git
geronimo-config,https://www.github.com/apache/geronimo-config.git
servicecomb-pack,https://www.github.com/apache/servicecomb-pack.git
atlas,https://www.github.com/apache/atlas.git
metamodel-membrane,https://www.github.com/apache/metamodel-membrane.git
directory-ldap-api,https://www.github.com/apache/directory-ldap-api.git
myfaces-tobago,https://www.github.com/apache/myfaces-tobago.git
myfaces-trinidad,https://www.github.com/apache/myfaces-trinidad.git
logging-log4j-audit-sample,https://www.github.com/apache/logging-log4j-audit-sample.git
geronimo-safeguard,https://www.github.com/apache/geronimo-safeguard.git
jackrabbit-filevault-package-maven-plugin,https://www.github.com/apache/jackrabbit-filevault-package-maven-plugin.git
myfaces-trinidad-maven,https://www.github.com/apache/myfaces-trinidad-maven.git
turbine-fulcrum,https://www.github.com/apache/turbine-fulcrum.git
pdfbox-jbig2,https://www.github.com/apache/pdfbox-jbig2.git
sling-org-apache-sling-api,https://www.github.com/apache/sling-org-apache-sling-api.git
sling-org-apache-sling-auth-core,https://www.github.com/apache/sling-org-apache-sling-auth-core.git
sling-org-apache-sling-auth-form,https://www.github.com/apache/sling-org-apache-sling-auth-form.git
sling-org-apache-sling-commons-classloader,https://www.github.com/apache/sling-org-apache-sling-commons-classloader.git
sling-org-apache-sling-commons-compiler,https://www.github.com/apache/sling-org-apache-sling-commons-compiler.git
sling-org-apache-sling-commons-contentdetection,https://www.github.com/apache/sling-org-apache-sling-commons-contentdetection.git
sling-org-apache-sling-commons-fsclassloader,https://www.github.com/apache/sling-org-apache-sling-commons-fsclassloader.git
sling-org-apache-sling-commons-johnzon,https://www.github.com/apache/sling-org-apache-sling-commons-johnzon.git
sling-org-apache-sling-commons-log,https://www.github.com/apache/sling-org-apache-sling-commons-log.git
sling-org-apache-sling-commons-logservice,https://www.github.com/apache/sling-org-apache-sling-commons-logservice.git
sling-org-apache-sling-commons-log-webconsole,https://www.github.com/apache/sling-org-apache-sling-commons-log-webconsole.git
sling-org-apache-sling-commons-metrics,https://www.github.com/apache/sling-org-apache-sling-commons-metrics.git
sling-org-apache-sling-commons-metrics-rrd4j,https://www.github.com/apache/sling-org-apache-sling-commons-metrics-rrd4j.git
sling-org-apache-sling-commons-mime,https://www.github.com/apache/sling-org-apache-sling-commons-mime.git
sling-org-apache-sling-commons-messaging-mail,https://www.github.com/apache/sling-org-apache-sling-commons-messaging-mail.git
sling-org-apache-sling-commons-messaging,https://www.github.com/apache/sling-org-apache-sling-commons-messaging.git
sling-org-apache-sling-commons-osgi,https://www.github.com/apache/sling-org-apache-sling-commons-osgi.git
sling-org-apache-sling-commons-scheduler,https://www.github.com/apache/sling-org-apache-sling-commons-scheduler.git
sling-org-apache-sling-commons-threaddump,https://www.github.com/apache/sling-org-apache-sling-commons-threaddump.git
sling-org-apache-sling-commons-threads,https://www.github.com/apache/sling-org-apache-sling-commons-threads.git
sling-org-apache-sling-engine,https://www.github.com/apache/sling-org-apache-sling-engine.git
sling-org-apache-sling-adapter,https://www.github.com/apache/sling-org-apache-sling-adapter.git
sling-org-apache-sling-bundleresource-impl,https://www.github.com/apache/sling-org-apache-sling-bundleresource-impl.git
sling-org-apache-sling-caconfig-api,https://www.github.com/apache/sling-org-apache-sling-caconfig-api.git
sling-org-apache-sling-caconfig-impl,https://www.github.com/apache/sling-org-apache-sling-caconfig-impl.git
sling-org-apache-sling-caconfig-integration-tests,https://www.github.com/apache/sling-org-apache-sling-caconfig-integration-tests.git
sling-org-apache-sling-caconfig-spi,https://www.github.com/apache/sling-org-apache-sling-caconfig-spi.git
sling-org-apache-sling-event-dea,https://www.github.com/apache/sling-org-apache-sling-event-dea.git
sling-org-apache-sling-discovery-api,https://www.github.com/apache/sling-org-apache-sling-discovery-api.git
sling-org-apache-sling-discovery-base,https://www.github.com/apache/sling-org-apache-sling-discovery-base.git
sling-org-apache-sling-discovery-commons,https://www.github.com/apache/sling-org-apache-sling-discovery-commons.git
sling-org-apache-sling-discovery-impl,https://www.github.com/apache/sling-org-apache-sling-discovery-impl.git
sling-org-apache-sling-discovery-oak,https://www.github.com/apache/sling-org-apache-sling-discovery-oak.git
sling-org-apache-sling-discovery-standalone,https://www.github.com/apache/sling-org-apache-sling-discovery-standalone.git
sling-org-apache-sling-discovery-support,https://www.github.com/apache/sling-org-apache-sling-discovery-support.git
sling-org-apache-sling-event-api,https://www.github.com/apache/sling-org-apache-sling-event-api.git
sling-org-apache-sling-event,https://www.github.com/apache/sling-org-apache-sling-event.git
sling-org-apache-sling-featureflags,https://www.github.com/apache/sling-org-apache-sling-featureflags.git
sling-org-apache-sling-fsresource,https://www.github.com/apache/sling-org-apache-sling-fsresource.git
sling-org-apache-sling-hc-annotations,https://www.github.com/apache/sling-org-apache-sling-hc-annotations.git
sling-org-apache-sling-hc-api,https://www.github.com/apache/sling-org-apache-sling-hc-api.git
sling-org-apache-sling-hc-core,https://www.github.com/apache/sling-org-apache-sling-hc-core.git
sling-org-apache-sling-hc-it,https://www.github.com/apache/sling-org-apache-sling-hc-it.git
sling-org-apache-sling-hc-junit-bridge,https://www.github.com/apache/sling-org-apache-sling-hc-junit-bridge.git
sling-org-apache-sling-hc-samples,https://www.github.com/apache/sling-org-apache-sling-hc-samples.git
sling-org-apache-sling-hc-support,https://www.github.com/apache/sling-org-apache-sling-hc-support.git
sling-org-apache-sling-hc-webconsole,https://www.github.com/apache/sling-org-apache-sling-hc-webconsole.git
sling-org-apache-sling-i18n,https://www.github.com/apache/sling-org-apache-sling-i18n.git
sling-org-apache-sling-javax-activation,https://www.github.com/apache/sling-org-apache-sling-javax-activation.git
sling-org-apache-sling-models-api,https://www.github.com/apache/sling-org-apache-sling-models-api.git
sling-org-apache-sling-models-impl,https://www.github.com/apache/sling-org-apache-sling-models-impl.git
sling-org-apache-sling-models-integration-tests,https://www.github.com/apache/sling-org-apache-sling-models-integration-tests.git
sling-org-apache-sling-models-jacksonexporter,https://www.github.com/apache/sling-org-apache-sling-models-jacksonexporter.git
sling-org-apache-sling-models-validation-impl,https://www.github.com/apache/sling-org-apache-sling-models-validation-impl.git
sling-org-apache-sling-resource-presence,https://www.github.com/apache/sling-org-apache-sling-resource-presence.git
sling-org-apache-sling-repoinit-parser,https://www.github.com/apache/sling-org-apache-sling-repoinit-parser.git
sling-org-apache-sling-resourcebuilder,https://www.github.com/apache/sling-org-apache-sling-resourcebuilder.git
sling-org-apache-sling-serviceusermapper,https://www.github.com/apache/sling-org-apache-sling-serviceusermapper.git
sling-org-apache-sling-servlet-helpers,https://www.github.com/apache/sling-org-apache-sling-servlet-helpers.git
sling-org-apache-sling-settings,https://www.github.com/apache/sling-org-apache-sling-settings.git
sling-org-apache-sling-validation-api,https://www.github.com/apache/sling-org-apache-sling-validation-api.git
sling-org-apache-sling-validation-core,https://www.github.com/apache/sling-org-apache-sling-validation-core.git
sling-org-apache-sling-validation-examples,https://www.github.com/apache/sling-org-apache-sling-validation-examples.git
sling-org-apache-sling-validation-test-services,https://www.github.com/apache/sling-org-apache-sling-validation-test-services.git
sling-org-apache-sling-extensions-webconsolesecurityprovider,https://www.github.com/apache/sling-org-apache-sling-extensions-webconsolesecurityprovider.git
sling-org-apache-sling-xss,https://www.github.com/apache/sling-org-apache-sling-xss.git
sling-org-apache-sling-jcr-api,https://www.github.com/apache/sling-org-apache-sling-jcr-api.git
sling-org-apache-sling-jcr-base,https://www.github.com/apache/sling-org-apache-sling-jcr-base.git
sling-org-apache-sling-jcr-classloader,https://www.github.com/apache/sling-org-apache-sling-jcr-classloader.git
sling-org-apache-sling-jcr-contentloader,https://www.github.com/apache/sling-org-apache-sling-jcr-contentloader.git
sling-org-apache-sling-jcr-contentparser,https://www.github.com/apache/sling-org-apache-sling-jcr-contentparser.git
sling-org-apache-sling-jcr-davex,https://www.github.com/apache/sling-org-apache-sling-jcr-davex.git
sling-org-apache-sling-jcr-repository-it-resource-versioning,https://www.github.com/apache/sling-org-apache-sling-jcr-repository-it-resource-versioning.git
sling-org-apache-sling-jcr-jackrabbit-accessmanager,https://www.github.com/apache/sling-org-apache-sling-jcr-jackrabbit-accessmanager.git
sling-org-apache-sling-jcr-jackrabbit-base,https://www.github.com/apache/sling-org-apache-sling-jcr-jackrabbit-base.git
sling-org-apache-sling-jcr-jackrabbit-usermanager,https://www.github.com/apache/sling-org-apache-sling-jcr-jackrabbit-usermanager.git
sling-org-apache-sling-jcr-oak-server,https://www.github.com/apache/sling-org-apache-sling-jcr-oak-server.git
sling-org-apache-sling-jcr-registration,https://www.github.com/apache/sling-org-apache-sling-jcr-registration.git
sling-org-apache-sling-jcr-repoinit,https://www.github.com/apache/sling-org-apache-sling-jcr-repoinit.git
sling-org-apache-sling-jcr-resource,https://www.github.com/apache/sling-org-apache-sling-jcr-resource.git
sling-org-apache-sling-jcr-webconsole,https://www.github.com/apache/sling-org-apache-sling-jcr-webconsole.git
sling-org-apache-sling-jcr-webdav,https://www.github.com/apache/sling-org-apache-sling-jcr-webdav.git
sling-org-apache-sling-resourceaccesssecurity,https://www.github.com/apache/sling-org-apache-sling-resourceaccesssecurity.git
sling-org-apache-sling-resourceaccesssecurity-it,https://www.github.com/apache/sling-org-apache-sling-resourceaccesssecurity-it.git
sling-org-apache-sling-resourceresolver,https://www.github.com/apache/sling-org-apache-sling-resourceresolver.git
sling-org-apache-sling-scripting-api,https://www.github.com/apache/sling-org-apache-sling-scripting-api.git
sling-org-apache-sling-scripting-core,https://www.github.com/apache/sling-org-apache-sling-scripting-core.git
sling-org-apache-sling-scripting-javascript,https://www.github.com/apache/sling-org-apache-sling-scripting-javascript.git
sling-org-apache-sling-scripting-jsp,https://www.github.com/apache/sling-org-apache-sling-scripting-jsp.git
sling-org-apache-sling-scripting-jsp-taglib,https://www.github.com/apache/sling-org-apache-sling-scripting-jsp-taglib.git
sling-org-apache-sling-scripting-sightly-compiler,https://www.github.com/apache/sling-org-apache-sling-scripting-sightly-compiler.git
sling-org-apache-sling-scripting-sightly,https://www.github.com/apache/sling-org-apache-sling-scripting-sightly.git
sling-org-apache-sling-scripting-sightly-compiler-java,https://www.github.com/apache/sling-org-apache-sling-scripting-sightly-compiler-java.git
sling-org-apache-sling-scripting-sightly-js-provider,https://www.github.com/apache/sling-org-apache-sling-scripting-sightly-js-provider.git
sling-org-apache-sling-scripting-sightly-models-provider,https://www.github.com/apache/sling-org-apache-sling-scripting-sightly-models-provider.git
sling-org-apache-sling-servlets-get,https://www.github.com/apache/sling-org-apache-sling-servlets-get.git
sling-org-apache-sling-servlets-post,https://www.github.com/apache/sling-org-apache-sling-servlets-post.git
sling-org-apache-sling-servlets-resolver,https://www.github.com/apache/sling-org-apache-sling-servlets-resolver.git
sling-org-apache-sling-auth-xing-api,https://www.github.com/apache/sling-org-apache-sling-auth-xing-api.git
sling-org-apache-sling-auth-xing-login,https://www.github.com/apache/sling-org-apache-sling-auth-xing-login.git
sling-org-apache-sling-auth-xing-oauth,https://www.github.com/apache/sling-org-apache-sling-auth-xing-oauth.git
sling-org-apache-sling-commons-html,https://www.github.com/apache/sling-org-apache-sling-commons-html.git
sling-org-apache-sling-mom,https://www.github.com/apache/sling-org-apache-sling-mom.git
sling-org-apache-sling-jms,https://www.github.com/apache/sling-org-apache-sling-jms.git
sling-org-apache-sling-jobs,https://www.github.com/apache/sling-org-apache-sling-jobs.git
sling-org-apache-sling-jobs-it,https://www.github.com/apache/sling-org-apache-sling-jobs-it.git
sling-org-apache-sling-jobs-it-services,https://www.github.com/apache/sling-org-apache-sling-jobs-it-services.git
sling-org-apache-sling-crankstart-launcher,https://www.github.com/apache/sling-org-apache-sling-crankstart-launcher.git
sling-org-apache-sling-crankstart-test-services,https://www.github.com/apache/sling-org-apache-sling-crankstart-test-services.git
sling-org-apache-sling-commons-cache-container-test,https://www.github.com/apache/sling-org-apache-sling-commons-cache-container-test.git
sling-org-apache-sling-cassandra,https://www.github.com/apache/sling-org-apache-sling-cassandra.git
sling-org-apache-sling-resourcecollection,https://www.github.com/apache/sling-org-apache-sling-resourcecollection.git
sling-org-apache-sling-datasource,https://www.github.com/apache/sling-org-apache-sling-datasource.git
sling-org-apache-sling-distribution-api,https://www.github.com/apache/sling-org-apache-sling-distribution-api.git
sling-org-apache-sling-distribution-avro-serializer,https://www.github.com/apache/sling-org-apache-sling-distribution-avro-serializer.git
sling-org-apache-sling-distribution-core,https://www.github.com/apache/sling-org-apache-sling-distribution-core.git
sling-org-apache-sling-distribution-it,https://www.github.com/apache/sling-org-apache-sling-distribution-it.git
sling-org-apache-sling-distribution-kryo-serializer,https://www.github.com/apache/sling-org-apache-sling-distribution-kryo-serializer.git
sling-org-apache-sling-distribution-sample,https://www.github.com/apache/sling-org-apache-sling-distribution-sample.git
sling-org-apache-sling-hapi-client,https://www.github.com/apache/sling-org-apache-sling-hapi-client.git
sling-org-apache-sling-hapi,https://www.github.com/apache/sling-org-apache-sling-hapi.git
sling-org-apache-sling-jmx-provider,https://www.github.com/apache/sling-org-apache-sling-jmx-provider.git
sling-org-apache-sling-extensions-classloader-leak-detector,https://www.github.com/apache/sling-org-apache-sling-extensions-classloader-leak-detector.git
sling-org-apache-sling-tail,https://www.github.com/apache/sling-org-apache-sling-tail.git
sling-org-apache-sling-mongodb,https://www.github.com/apache/sling-org-apache-sling-mongodb.git
sling-org-apache-sling-oak-restrictions,https://www.github.com/apache/sling-org-apache-sling-oak-restrictions.git
sling-org-apache-sling-reqanalyzer,https://www.github.com/apache/sling-org-apache-sling-reqanalyzer.git
sling-org-apache-sling-resource-inventory,https://www.github.com/apache/sling-org-apache-sling-resource-inventory.git
sling-org-apache-sling-resourcemerger,https://www.github.com/apache/sling-org-apache-sling-resourcemerger.git
sling-org-apache-sling-rewriter,https://www.github.com/apache/sling-org-apache-sling-rewriter.git
sling-org-apache-sling-security,https://www.github.com/apache/sling-org-apache-sling-security.git
sling-org-apache-sling-extensions-slf4j-mdc,https://www.github.com/apache/sling-org-apache-sling-extensions-slf4j-mdc.git
sling-org-apache-sling-dynamic-include,https://www.github.com/apache/sling-org-apache-sling-dynamic-include.git
sling-org-apache-sling-pipes,https://www.github.com/apache/sling-org-apache-sling-pipes.git
sling-org-apache-sling-query,https://www.github.com/apache/sling-org-apache-sling-query.git
sling-org-apache-sling-startupfilter-disabler,https://www.github.com/apache/sling-org-apache-sling-startupfilter-disabler.git
sling-org-apache-sling-startupfilter,https://www.github.com/apache/sling-org-apache-sling-startupfilter.git
sling-org-apache-sling-superimposing,https://www.github.com/apache/sling-org-apache-sling-superimposing.git
sling-org-apache-sling-tenant,https://www.github.com/apache/sling-org-apache-sling-tenant.git
sling-org-apache-sling-tracer,https://www.github.com/apache/sling-org-apache-sling-tracer.git
sling-org-apache-sling-urlrewriter,https://www.github.com/apache/sling-org-apache-sling-urlrewriter.git
sling-org-apache-sling-jcr-js-nodetypes,https://www.github.com/apache/sling-org-apache-sling-jcr-js-nodetypes.git
sling-org-apache-sling-jcr-resourcesecurity,https://www.github.com/apache/sling-org-apache-sling-jcr-resourcesecurity.git
sling-org-apache-sling-launchpad-contrib-testing,https://www.github.com/apache/sling-org-apache-sling-launchpad-contrib-testing.git
sling-org-apache-sling-nosql-couchbase-client,https://www.github.com/apache/sling-org-apache-sling-nosql-couchbase-client.git
sling-org-apache-sling-nosql-couchbase-resourceprovider,https://www.github.com/apache/sling-org-apache-sling-nosql-couchbase-resourceprovider.git
sling-org-apache-sling-nosql-generic,https://www.github.com/apache/sling-org-apache-sling-nosql-generic.git
sling-org-apache-sling-nosql-mongodb-resourceprovider,https://www.github.com/apache/sling-org-apache-sling-nosql-mongodb-resourceprovider.git
sling-org-apache-sling-scripting-freemarker,https://www.github.com/apache/sling-org-apache-sling-scripting-freemarker.git
sling-org-apache-sling-scripting-groovy,https://www.github.com/apache/sling-org-apache-sling-scripting-groovy.git
sling-org-apache-sling-scripting-java,https://www.github.com/apache/sling-org-apache-sling-scripting-java.git
sling-org-apache-sling-scripting-thymeleaf,https://www.github.com/apache/sling-org-apache-sling-scripting-thymeleaf.git
sling-org-apache-sling-scripting-console,https://www.github.com/apache/sling-org-apache-sling-scripting-console.git
sling-org-apache-sling-scripting-xproc,https://www.github.com/apache/sling-org-apache-sling-scripting-xproc.git
sling-org-apache-sling-installer-console,https://www.github.com/apache/sling-org-apache-sling-installer-console.git
sling-org-apache-sling-installer-core,https://www.github.com/apache/sling-org-apache-sling-installer-core.git
sling-org-apache-sling-installer-factory-configuration,https://www.github.com/apache/sling-org-apache-sling-installer-factory-configuration.git
sling-org-apache-sling-installer-factory-deploymentpackage,https://www.github.com/apache/sling-org-apache-sling-installer-factory-deploymentpackage.git
sling-org-apache-sling-installer-factory-model,https://www.github.com/apache/sling-org-apache-sling-installer-factory-model.git
sling-org-apache-sling-installer-factory-packages,https://www.github.com/apache/sling-org-apache-sling-installer-factory-packages.git
sling-org-apache-sling-installer-factory-subsystems-base,https://www.github.com/apache/sling-org-apache-sling-installer-factory-subsystems-base.git
sling-org-apache-sling-installer-factory-subsystems,https://www.github.com/apache/sling-org-apache-sling-installer-factory-subsystems.git
sling-org-apache-sling-installer-hc,https://www.github.com/apache/sling-org-apache-sling-installer-hc.git
sling-org-apache-sling-installer-it,https://www.github.com/apache/sling-org-apache-sling-installer-it.git
sling-org-apache-sling-installer-provider-file,https://www.github.com/apache/sling-org-apache-sling-installer-provider-file.git
sling-org-apache-sling-installer-provider-jcr,https://www.github.com/apache/sling-org-apache-sling-installer-provider-jcr.git
sling-org-apache-sling-karaf-integration-tests,https://www.github.com/apache/sling-org-apache-sling-karaf-integration-tests.git
sling-org-apache-sling-karaf-launchpad-oak-tar-integration-tests,https://www.github.com/apache/sling-org-apache-sling-karaf-launchpad-oak-tar-integration-tests.git
sling-org-apache-sling-launchpad-api,https://www.github.com/apache/sling-org-apache-sling-launchpad-api.git
sling-org-apache-sling-starter,https://www.github.com/apache/sling-org-apache-sling-starter.git
sling-org-apache-sling-launchpad-installer,https://www.github.com/apache/sling-org-apache-sling-launchpad-installer.git
sling-org-apache-sling-launchpad-integration-tests,https://www.github.com/apache/sling-org-apache-sling-launchpad-integration-tests.git
sling-org-apache-sling-launchpad-test-fragment,https://www.github.com/apache/sling-org-apache-sling-launchpad-test-fragment.git
sling-org-apache-sling-launchpad-test-services,https://www.github.com/apache/sling-org-apache-sling-launchpad-test-services.git
sling-org-apache-sling-launchpad-test-services-war,https://www.github.com/apache/sling-org-apache-sling-launchpad-test-services-war.git
sling-org-apache-sling-testing-email,https://www.github.com/apache/sling-org-apache-sling-testing-email.git
sling-org-apache-sling-testing-hamcrest,https://www.github.com/apache/sling-org-apache-sling-testing-hamcrest.git
sling-org-apache-sling-testing-clients,https://www.github.com/apache/sling-org-apache-sling-testing-clients.git
sling-org-apache-sling-junit-core,https://www.github.com/apache/sling-org-apache-sling-junit-core.git
sling-org-apache-sling-junit-healthcheck,https://www.github.com/apache/sling-org-apache-sling-junit-healthcheck.git
sling-org-apache-sling-junit-performance,https://www.github.com/apache/sling-org-apache-sling-junit-performance.git
sling-org-apache-sling-junit-remote,https://www.github.com/apache/sling-org-apache-sling-junit-remote.git
sling-org-apache-sling-testing-rules,https://www.github.com/apache/sling-org-apache-sling-testing-rules.git
sling-org-apache-sling-junit-scriptable,https://www.github.com/apache/sling-org-apache-sling-junit-scriptable.git
sling-org-apache-sling-testing-caconfig-mock-plugin,https://www.github.com/apache/sling-org-apache-sling-testing-caconfig-mock-plugin.git
sling-org-apache-sling-testing-jcr-mock,https://www.github.com/apache/sling-org-apache-sling-testing-jcr-mock.git
sling-org-apache-sling-testing-osgi-mock,https://www.github.com/apache/sling-org-apache-sling-testing-osgi-mock.git
sling-org-apache-sling-testing-resourceresolver-mock,https://www.github.com/apache/sling-org-apache-sling-testing-resourceresolver-mock.git
sling-org-apache-sling-testing-sling-mock-oak,https://www.github.com/apache/sling-org-apache-sling-testing-sling-mock-oak.git
sling-org-apache-sling-testing-sling-mock,https://www.github.com/apache/sling-org-apache-sling-testing-sling-mock.git
sling-org-apache-sling-testing-paxexam,https://www.github.com/apache/sling-org-apache-sling-testing-paxexam.git
sling-org-apache-sling-testing-serversetup,https://www.github.com/apache/sling-org-apache-sling-testing-serversetup.git
sling-org-apache-sling-paxexam-util,https://www.github.com/apache/sling-org-apache-sling-paxexam-util.git
sling-org-apache-sling-caconfig-bnd-plugin,https://www.github.com/apache/sling-org-apache-sling-caconfig-bnd-plugin.git
sling-org-apache-sling-bnd-models,https://www.github.com/apache/sling-org-apache-sling-bnd-models.git
sling-adapter-annotations,https://www.github.com/apache/sling-adapter-annotations.git
sling-jcrinstall-bundle-archetype,https://www.github.com/apache/sling-jcrinstall-bundle-archetype.git
sling-bundle-archetype,https://www.github.com/apache/sling-bundle-archetype.git
sling-servlet-archetype,https://www.github.com/apache/sling-servlet-archetype.git
sling-taglib-archetype,https://www.github.com/apache/sling-taglib-archetype.git
sling-htl-maven-plugin,https://www.github.com/apache/sling-htl-maven-plugin.git
sling-maven-jcrocm-plugin,https://www.github.com/apache/sling-maven-jcrocm-plugin.git
sling-jspc-maven-plugin,https://www.github.com/apache/sling-jspc-maven-plugin.git
sling-maven-launchpad-plugin,https://www.github.com/apache/sling-maven-launchpad-plugin.git
sling-maven-plugin,https://www.github.com/apache/sling-maven-plugin.git
sling-slingstart-maven-plugin,https://www.github.com/apache/sling-slingstart-maven-plugin.git
sling-launchpad-comparator,https://www.github.com/apache/sling-launchpad-comparator.git
sling-org-apache-sling-tooling-support-install,https://www.github.com/apache/sling-org-apache-sling-tooling-support-install.git
sling-org-apache-sling-provisioning-model,https://www.github.com/apache/sling-org-apache-sling-provisioning-model.git
sling-org-apache-sling-tooling-support-source,https://www.github.com/apache/sling-org-apache-sling-tooling-support-source.git
sling-ide-tooling,https://www.github.com/apache/sling-ide-tooling.git
sling-samples,https://www.github.com/apache/sling-samples.git
sling-org-apache-sling-performance,https://www.github.com/apache/sling-org-apache-sling-performance.git
karaf-reactive-components,https://www.github.com/apache/karaf-reactive-components.git
directory-buildtools,https://www.github.com/apache/directory-buildtools.git
sling-org-apache-sling-scripting-sightly-testing,https://www.github.com/apache/sling-org-apache-sling-scripting-sightly-testing.git
sling-whiteboard,https://www.github.com/apache/sling-whiteboard.git
maven-doxia-converter,https://www.github.com/apache/maven-doxia-converter.git
commons-testing,https://www.github.com/apache/commons-testing.git
sling-org-apache-sling-launchpad-base,https://www.github.com/apache/sling-org-apache-sling-launchpad-base.git
sling-org-apache-sling-junit-teleporter,https://www.github.com/apache/sling-org-apache-sling-junit-teleporter.git
sling-org-apache-sling-commons-testing,https://www.github.com/apache/sling-org-apache-sling-commons-testing.git
maven-resolver-ant-tasks,https://www.github.com/apache/maven-resolver-ant-tasks.git
directory-mavibot,https://www.github.com/apache/directory-mavibot.git
maven-archiver,https://www.github.com/apache/maven-archiver.git
maven-artifact-resolver,https://www.github.com/apache/maven-artifact-resolver.git
maven-artifact-transfer,https://www.github.com/apache/maven-artifact-transfer.git
maven-dependency-analyzer,https://www.github.com/apache/maven-dependency-analyzer.git
maven-dependency-tree,https://www.github.com/apache/maven-dependency-tree.git
maven-downloader,https://www.github.com/apache/maven-downloader.git
maven-filtering,https://www.github.com/apache/maven-filtering.git
maven-invoker,https://www.github.com/apache/maven-invoker.git
maven-jarsigner,https://www.github.com/apache/maven-jarsigner.git
maven-mapping,https://www.github.com/apache/maven-mapping.git
maven-osgi,https://www.github.com/apache/maven-osgi.git
maven-project-utils,https://www.github.com/apache/maven-project-utils.git
maven-reporting-api,https://www.github.com/apache/maven-reporting-api.git
maven-reporting-exec,https://www.github.com/apache/maven-reporting-exec.git
maven-reporting-impl,https://www.github.com/apache/maven-reporting-impl.git
maven-repository-builder,https://www.github.com/apache/maven-repository-builder.git
maven-runtime,https://www.github.com/apache/maven-runtime.git
maven-script-interpreter,https://www.github.com/apache/maven-script-interpreter.git
maven-shared-incremental,https://www.github.com/apache/maven-shared-incremental.git
maven-shared-io,https://www.github.com/apache/maven-shared-io.git
maven-shared-jar,https://www.github.com/apache/maven-shared-jar.git
maven-shared-utils,https://www.github.com/apache/maven-shared-utils.git
maven-verifier,https://www.github.com/apache/maven-verifier.git
maven-common-artifact-filters,https://www.github.com/apache/maven-common-artifact-filters.git
maven-site-plugin,https://www.github.com/apache/maven-site-plugin.git
maven-pdf-plugin,https://www.github.com/apache/maven-pdf-plugin.git
fineract-cn-portfolio,https://www.github.com/apache/fineract-cn-portfolio.git
fineract-cn-deposit-account-management,https://www.github.com/apache/fineract-cn-deposit-account-management.git
fineract-cn-accounting,https://www.github.com/apache/fineract-cn-accounting.git
fineract-cn-customer,https://www.github.com/apache/fineract-cn-customer.git
fineract-cn-demo-server,https://www.github.com/apache/fineract-cn-demo-server.git
fineract-cn-teller,https://www.github.com/apache/fineract-cn-teller.git
fineract-cn-cheques,https://www.github.com/apache/fineract-cn-cheques.git
fineract-cn-payroll,https://www.github.com/apache/fineract-cn-payroll.git
fineract-cn-reporting,https://www.github.com/apache/fineract-cn-reporting.git
fineract-cn-office,https://www.github.com/apache/fineract-cn-office.git
fineract-cn-rhythm,https://www.github.com/apache/fineract-cn-rhythm.git
fineract-cn-provisioner,https://www.github.com/apache/fineract-cn-provisioner.git
fineract-cn-permitted-feign-client,https://www.github.com/apache/fineract-cn-permitted-feign-client.git
fineract-cn-mariadb,https://www.github.com/apache/fineract-cn-mariadb.git
fineract-cn-api,https://www.github.com/apache/fineract-cn-api.git
fineract-cn-lang,https://www.github.com/apache/fineract-cn-lang.git
fineract-cn-identity,https://www.github.com/apache/fineract-cn-identity.git
fineract-cn-default-setup,https://www.github.com/apache/fineract-cn-default-setup.git
fineract-cn-anubis,https://www.github.com/apache/fineract-cn-anubis.git
fineract-cn-template,https://www.github.com/apache/fineract-cn-template.git
fineract-cn-test,https://www.github.com/apache/fineract-cn-test.git
fineract-cn-cassandra,https://www.github.com/apache/fineract-cn-cassandra.git
fineract-cn-command,https://www.github.com/apache/fineract-cn-command.git
fineract-cn-async,https://www.github.com/apache/fineract-cn-async.git
fineract-cn-service-starter,https://www.github.com/apache/fineract-cn-service-starter.git
fineract-cn-crypto,https://www.github.com/apache/fineract-cn-crypto.git
fineract-cn-group,https://www.github.com/apache/fineract-cn-group.git
fineract-cn-data-jpa,https://www.github.com/apache/fineract-cn-data-jpa.git
maven-file-management,https://www.github.com/apache/maven-file-management.git
maven-acr-plugin,https://www.github.com/apache/maven-acr-plugin.git
maven-ant-plugin,https://www.github.com/apache/maven-ant-plugin.git
maven-antrun-plugin,https://www.github.com/apache/maven-antrun-plugin.git
maven-assembly-plugin,https://www.github.com/apache/maven-assembly-plugin.git
maven-changelog-plugin,https://www.github.com/apache/maven-changelog-plugin.git
maven-changes-plugin,https://www.github.com/apache/maven-changes-plugin.git
maven-checkstyle-plugin,https://www.github.com/apache/maven-checkstyle-plugin.git
maven-clean-plugin,https://www.github.com/apache/maven-clean-plugin.git
maven-compiler-plugin,https://www.github.com/apache/maven-compiler-plugin.git
maven-dependency-plugin,https://www.github.com/apache/maven-dependency-plugin.git
maven-deploy-plugin,https://www.github.com/apache/maven-deploy-plugin.git
maven-doap-plugin,https://www.github.com/apache/maven-doap-plugin.git
maven-docck-plugin,https://www.github.com/apache/maven-docck-plugin.git
maven-ear-plugin,https://www.github.com/apache/maven-ear-plugin.git
maven-ejb-plugin,https://www.github.com/apache/maven-ejb-plugin.git
maven-gpg-plugin,https://www.github.com/apache/maven-gpg-plugin.git
maven-help-plugin,https://www.github.com/apache/maven-help-plugin.git
maven-install-plugin,https://www.github.com/apache/maven-install-plugin.git
maven-invoker-plugin,https://www.github.com/apache/maven-invoker-plugin.git
maven-jar-plugin,https://www.github.com/apache/maven-jar-plugin.git
maven-jarsigner-plugin,https://www.github.com/apache/maven-jarsigner-plugin.git
maven-javadoc-plugin,https://www.github.com/apache/maven-javadoc-plugin.git
maven-jdeprscan-plugin,https://www.github.com/apache/maven-jdeprscan-plugin.git
maven-jdeps-plugin,https://www.github.com/apache/maven-jdeps-plugin.git
maven-jlink-plugin,https://www.github.com/apache/maven-jlink-plugin.git
maven-jmod-plugin,https://www.github.com/apache/maven-jmod-plugin.git
maven-linkcheck-plugin,https://www.github.com/apache/maven-linkcheck-plugin.git
maven-patch-plugin,https://www.github.com/apache/maven-patch-plugin.git
maven-pmd-plugin,https://www.github.com/apache/maven-pmd-plugin.git
maven-project-info-reports-plugin,https://www.github.com/apache/maven-project-info-reports-plugin.git
maven-rar-plugin,https://www.github.com/apache/maven-rar-plugin.git
maven-remote-resources-plugin,https://www.github.com/apache/maven-remote-resources-plugin.git
maven-resources-plugin,https://www.github.com/apache/maven-resources-plugin.git
maven-repository-plugin,https://www.github.com/apache/maven-repository-plugin.git
maven-scm-publish-plugin,https://www.github.com/apache/maven-scm-publish-plugin.git
maven-scripting-plugin,https://www.github.com/apache/maven-scripting-plugin.git
maven-shade-plugin,https://www.github.com/apache/maven-shade-plugin.git
maven-source-plugin,https://www.github.com/apache/maven-source-plugin.git
maven-stage-plugin,https://www.github.com/apache/maven-stage-plugin.git
maven-toolchains-plugin,https://www.github.com/apache/maven-toolchains-plugin.git
maven-verifier-plugin,https://www.github.com/apache/maven-verifier-plugin.git
maven-war-plugin,https://www.github.com/apache/maven-war-plugin.git
maven-doxia-ide,https://www.github.com/apache/maven-doxia-ide.git
maven-archetypes,https://www.github.com/apache/maven-archetypes.git
commons-statistics,https://www.github.com/apache/commons-statistics.git
aries-tx-control,https://www.github.com/apache/aries-tx-control.git
turbine-core,https://www.github.com/apache/turbine-core.git
commons-release-plugin,https://www.github.com/apache/commons-release-plugin.git
sling-org-apache-sling-serviceuser-webconsole,https://www.github.com/apache/sling-org-apache-sling-serviceuser-webconsole.git
rat,https://www.github.com/apache/rat.git
fineract-cn-mobile,https://www.github.com/apache/fineract-cn-mobile.git
geronimo-jcache-simple,https://www.github.com/apache/geronimo-jcache-simple.git
manifoldcf-integration-elasticsearch,https://www.github.com/apache/manifoldcf-integration-elasticsearch.git
manifoldcf-integration-elasticsearch-1.5,https://www.github.com/apache/manifoldcf-integration-elasticsearch-1.5.git
manifoldcf-integration-elasticsearch-2.0,https://www.github.com/apache/manifoldcf-integration-elasticsearch-2.0.git
manifoldcf-integration-elasticsearch-5.5,https://www.github.com/apache/manifoldcf-integration-elasticsearch-5.5.git
manifoldcf-integration-solr-5.x,https://www.github.com/apache/manifoldcf-integration-solr-5.x.git
manifoldcf-integration-solr-6.x,https://www.github.com/apache/manifoldcf-integration-solr-6.x.git
manifoldcf-integration-solr-7.x,https://www.github.com/apache/manifoldcf-integration-solr-7.x.git
geronimo-jwt-auth,https://www.github.com/apache/geronimo-jwt-auth.git
commons-geometry,https://www.github.com/apache/commons-geometry.git
archiva-redback-components-expression-evaluator,https://www.github.com/apache/archiva-redback-components-expression-evaluator.git
archiva-redback-components-modello-plugins,https://www.github.com/apache/archiva-redback-components-modello-plugins.git
archiva-redback-components-spring-apacheds,https://www.github.com/apache/archiva-redback-components-spring-apacheds.git
archiva-redback-components-spring-quartz,https://www.github.com/apache/archiva-redback-components-spring-quartz.git
archiva-redback-components-spring-registry,https://www.github.com/apache/archiva-redback-components-spring-registry.git
archiva-redback-components-spring-taskqueue,https://www.github.com/apache/archiva-redback-components-spring-taskqueue.git
archiva-redback-components-spring-utils,https://www.github.com/apache/archiva-redback-components-spring-utils.git
fluo-examples,https://www.github.com/apache/fluo-examples.git
commons-signing,https://www.github.com/apache/commons-signing.git
sling-org-apache-sling-feature,https://www.github.com/apache/sling-org-apache-sling-feature.git
sling-org-apache-sling-feature-analyser,https://www.github.com/apache/sling-org-apache-sling-feature-analyser.git
sling-org-apache-sling-feature-applicationbuilder,https://www.github.com/apache/sling-org-apache-sling-feature-applicationbuilder.git
sling-org-apache-sling-feature-io,https://www.github.com/apache/sling-org-apache-sling-feature-io.git
sling-org-apache-sling-feature-karaf,https://www.github.com/apache/sling-org-apache-sling-feature-karaf.git
sling-org-apache-sling-feature-launcher,https://www.github.com/apache/sling-org-apache-sling-feature-launcher.git
sling-org-apache-sling-feature-modelconverter,https://www.github.com/apache/sling-org-apache-sling-feature-modelconverter.git
sling-org-apache-sling-feature-resolver,https://www.github.com/apache/sling-org-apache-sling-feature-resolver.git
sling-slingfeature-maven-plugin,https://www.github.com/apache/sling-slingfeature-maven-plugin.git
myfaces-test,https://www.github.com/apache/myfaces-test.git
myfaces-build-tools,https://www.github.com/apache/myfaces-build-tools.git
myfaces,https://www.github.com/apache/myfaces.git
geronimo-opentracing,https://www.github.com/apache/geronimo-opentracing.git
sling-org-apache-sling-servlets-annotations,https://www.github.com/apache/sling-org-apache-sling-servlets-annotations.git
sling-org-apache-sling-servlets-annotations-it,https://www.github.com/apache/sling-org-apache-sling-servlets-annotations-it.git
sling-org-apache-sling-commons-clam,https://www.github.com/apache/sling-org-apache-sling-commons-clam.git
geronimo-metrics,https://www.github.com/apache/geronimo-metrics.git
turbine-archetypes,https://www.github.com/apache/turbine-archetypes.git
directory-scimple,https://www.github.com/apache/directory-scimple.git
fineract-cn-notifications,https://www.github.com/apache/fineract-cn-notifications.git
geronimo-openapi,https://www.github.com/apache/geronimo-openapi.git
sling-org-apache-sling-capabilities,https://www.github.com/apache/sling-org-apache-sling-capabilities.git
sling-org-apache-sling-app-cms,https://www.github.com/apache/sling-org-apache-sling-app-cms.git
sling-org-apache-sling-resource-filter,https://www.github.com/apache/sling-org-apache-sling-resource-filter.git
openwebbeans-meecrowave-examples,https://www.github.com/apache/openwebbeans-meecrowave-examples.git
sling-org-apache-sling-file-optimization,https://www.github.com/apache/sling-org-apache-sling-file-optimization.git
geronimo-health,https://www.github.com/apache/geronimo-health.git
fineract-cn-stellar-bridge,https://www.github.com/apache/fineract-cn-stellar-bridge.git
db-jdo,https://www.github.com/apache/db-jdo.git
universal-wiki-converter,https://www.github.com/apache/universal-wiki-converter.git
geronimo-microprofile,https://www.github.com/apache/geronimo-microprofile.git
hbase-operator-tools,https://www.github.com/apache/hbase-operator-tools.git
ignite-teamcity-bot,https://www.github.com/apache/ignite-teamcity-bot.git
sling-org-apache-sling-commons-jcr-file,https://www.github.com/apache/sling-org-apache-sling-commons-jcr-file.git
sling-org-apache-sling-jcr-filetransfer,https://www.github.com/apache/sling-org-apache-sling-jcr-filetransfer.git
sling-org-apache-sling-installer-provider-installhook,https://www.github.com/apache/sling-org-apache-sling-installer-provider-installhook.git
sling-org-apache-sling-clam,https://www.github.com/apache/sling-org-apache-sling-clam.git
freemarker-generator,https://www.github.com/apache/freemarker-generator.git
ambari-logsearch,https://www.github.com/apache/ambari-logsearch.git
ambari-metrics,https://www.github.com/apache/ambari-metrics.git
ambari-infra,https://www.github.com/apache/ambari-infra.git
sling-org-apache-sling-feature-extension-content,https://www.github.com/apache/sling-org-apache-sling-feature-extension-content.git
sling-org-apache-sling-jcr-packageinit,https://www.github.com/apache/sling-org-apache-sling-jcr-packageinit.git
accumulo-maven-plugin,https://www.github.com/apache/accumulo-maven-plugin.git
accumulo-proxy,https://www.github.com/apache/accumulo-proxy.git
rocketmq-spring,https://www.github.com/apache/rocketmq-spring.git
sling-org-apache-sling-scripting-sightly-runtime,https://www.github.com/apache/sling-org-apache-sling-scripting-sightly-runtime.git
sling-org-apache-sling-capabilities-jcr,https://www.github.com/apache/sling-org-apache-sling-capabilities-jcr.git
sling-org-apache-sling-feature-extension-apiregions,https://www.github.com/apache/sling-org-apache-sling-feature-extension-apiregions.git
sling-org-apache-sling-feature-apiregions,https://www.github.com/apache/sling-org-apache-sling-feature-apiregions.git
sling-org-apache-sling-feature-inventoryprinter,https://www.github.com/apache/sling-org-apache-sling-feature-inventoryprinter.git
fineract-cn-postgresql,https://www.github.com/apache/fineract-cn-postgresql.git
geode-benchmarks,https://www.github.com/apache/geode-benchmarks.git
sling-org-apache-sling-launchpad-startupmanager,https://www.github.com/apache/sling-org-apache-sling-launchpad-startupmanager.git
sling-org-apache-sling-scripting-bundle-tracker,https://www.github.com/apache/sling-org-apache-sling-scripting-bundle-tracker.git
sling-scriptingbundle-maven-plugin,https://www.github.com/apache/sling-scriptingbundle-maven-plugin.git
sling-org-apache-sling-scripting-bundle-tracker-it,https://www.github.com/apache/sling-org-apache-sling-scripting-bundle-tracker-it.git
servicecomb-saga-actuator,https://www.github.com/apache/servicecomb-saga-actuator.git
ignite-abbrev-plugin,https://www.github.com/apache/ignite-abbrev-plugin.git
aries-journaled-events,https://www.github.com/apache/aries-journaled-events.git
samza-beam-examples,https://www.github.com/apache/samza-beam-examples.git
jclouds-labs,https://www.github.com/apache/jclouds-labs.git
jclouds-labs-aws,https://www.github.com/apache/jclouds-labs-aws.git
jclouds-labs-openstack,https://www.github.com/apache/jclouds-labs-openstack.git
jclouds-cli,https://www.github.com/apache/jclouds-cli.git
jclouds-karaf,https://www.github.com/apache/jclouds-karaf.git
jclouds-examples,https://www.github.com/apache/jclouds-examples.git
sling-org-apache-sling-models-caconfig,https://www.github.com/apache/sling-org-apache-sling-models-caconfig.git
clerezza-contribs,https://www.github.com/apache/clerezza-contribs.git
mina-asyncweb,https://www.github.com/apache/mina-asyncweb.git
mina-ftpserver,https://www.github.com/apache/mina-ftpserver.git
mina-vysper,https://www.github.com/apache/mina-vysper.git
sling-org-apache-sling-bnd-plugins,https://www.github.com/apache/sling-org-apache-sling-bnd-plugins.git
attic-onami,https://www.github.com/apache/attic-onami.git
