WeAreFairphone-FP2-Launcher,https://github.com/WeAreFairphone/FP2-Launcher.git
d4rken-reddit-android-appstore,https://github.com/d4rken/reddit-android-appstore.git
LonamiWebs-Klooni1010,https://github.com/LonamiWebs/Klooni1010.git
tuxmobil-CampFahrplan,https://github.com/tuxmobil/CampFahrplan.git
ligi-CampFahrplan,https://github.com/ligi/CampFahrplan.git
ligi-SCR,https://github.com/ligi/SCR.git
eqvinox-wifisetup,https://github.com/eqvinox/wifisetup.git
EventFahrplan-EventFahrplan,https://github.com/EventFahrplan/EventFahrplan.git
k3b-APhotoManager,https://github.com/k3b/APhotoManager.git
jroal-a2dpvolume,https://github.com/jroal/a2dpvolume.git
bailuk-AAT,https://github.com/bailuk/AAT.git
valerio-bozzolan-AcrylicPaint,https://github.com/valerio-bozzolan/AcrylicPaint.git
ramack-ActivityDiary,https://github.com/ramack/ActivityDiary.git
abertschi-ad-free,https://github.com/abertschi/ad-free.git
AdAway-AdAway,https://github.com/AdAway/AdAway.git
senzhk-ADBKeyBoard,https://github.com/senzhk/ADBKeyBoard.git
SubhamTyagi-dork-explore,https://github.com/SubhamTyagi/dork-explore.git
TheRedSpy15-LTECleanerFOSS,https://github.com/TheRedSpy15/LTECleanerFOSS.git
linux-colonel-AdminControl,https://github.com/linux-colonel/AdminControl.git
DanielBarnett714-AddressToGPS,https://github.com/DanielBarnett714/AddressToGPS.git
AdguardTeam-ContentBlocker,https://github.com/AdguardTeam/ContentBlocker.git
AnderWeb-android_packages_apps_Launcher,https://github.com/AnderWeb/android_packages_apps_Launcher.git
JanSvoboda-aeonsend-randomizer,https://github.com/JanSvoboda/aeonsend-randomizer.git
phora-AeonDroid,https://github.com/phora/AeonDroid.git
daktak-afh_downloader,https://github.com/daktak/afh_downloader.git
FreeRDP-FreeRDP,https://github.com/FreeRDP/FreeRDP.git
achromaticmetaphor-agram,https://github.com/achromaticmetaphor/agram.git
benjaminaigner-aiproute,https://github.com/benjaminaigner/aiproute.git
pinetum-AirUnlock-for-Android,https://github.com/pinetum/AirUnlock-for-Android.git
kraigs-android-kraigsandroid,https://github.com/kraigs-android/kraigsandroid.git
JiriSko-amixer-webui-android,https://github.com/JiriSko/amixer-webui-android.git
rosenpin-AlwaysOnDisplayAmoled,https://github.com/rosenpin/AlwaysOnDisplayAmoled.git
rosenpin-AlwaysOnAmoledPlugin,https://github.com/rosenpin/AlwaysOnAmoledPlugin.git
TeamAmaze-AmazeFileManager,https://github.com/TeamAmaze/AmazeFileManager.git
starryalley-AmbitSync,https://github.com/starryalley/AmbitSync.git
Dejvino-amdroid,https://github.com/Dejvino/amdroid.git
RomanGolovanov-ametro,https://github.com/RomanGolovanov/ametro.git
SubhamTyagi-dork-explore,https://github.com/SubhamTyagi/dork-explore.git
TheRedSpy15-LTECleanerFOSS,https://github.com/TheRedSpy15/LTECleanerFOSS.git
Zukero-andors-trail,https://github.com/Zukero/andors-trail.git
fr3ts0n-AndrOBD,https://github.com/fr3ts0n/AndrOBD.git
iamtrk-Device-Explorer,https://github.com/iamtrk/Device-Explorer.git
Arjun-sna-android-permission-checker-app,https://github.com/Arjun-sna/android-permission-checker-app.git
markmcavoy-androidtoken,https://github.com/markmcavoy/androidtoken.git
daktak-androidpn-client,https://github.com/daktak/androidpn-client.git
antlersoft-android-vnc-viewer,https://github.com/antlersoft/android-vnc-viewer.git
phora-AndroPTPB,https://github.com/phora/AndroPTPB.git
1hakr-AnExplorer,https://github.com/1hakr/AnExplorer.git
null-dev-animeopenings-android,https://github.com/null-dev/animeopenings-android.git
tran-khoa-ANNO1404-Warenrechner-App,https://github.com/tran-khoa/ANNO1404-Warenrechner-App.git
AntonioRedondo-AnotherMonitor,https://github.com/AntonioRedondo/AnotherMonitor.git
jdmonin-anstop,https://github.com/jdmonin/anstop.git
antennapod-AntennaPod,https://github.com/antennapod/AntennaPod.git
helloworld1-AnyMemo,https://github.com/helloworld1/AnyMemo.git
kertase-neo_anysoftkeyboard,https://github.com/kertase/neo_anysoftkeyboard.git
JusticeRage-ApkTrack,https://github.com/JusticeRage/ApkTrack.git
fighthawkarg-NasaApodCL,https://github.com/fighthawkarg/NasaApodCL.git
fighthawkarg-NasaApodMD,https://github.com/fighthawkarg/NasaApodMD.git
jakevossen5-Apollo-Trivia,https://github.com/jakevossen5/Apollo-Trivia.git
microg-AppleWifiNlpBackend,https://github.com/microg/AppleWifiNlpBackend.git
mpietrzak-apv,https://github.com/mpietrzak/apv.git
jdeslip-arxiv-mobile,https://github.com/jdeslip/arxiv-mobile.git
lopespm-arxiv-papers-mobile,https://github.com/lopespm/arxiv-papers-mobile.git
lsubel-amam-cordova,https://github.com/lsubel/amam-cordova.git
AsteroidOS-AsteroidOSSync,https://github.com/AsteroidOS/AsteroidOSSync.git
nvllsvm-Audinaut,https://github.com/nvllsvm/Audinaut.git
quaap-AudioMeter,https://github.com/quaap/AudioMeter.git
ReeceStevens-ut_ewh_audiometer_2014,https://github.com/ReeceStevens/ut_ewh_audiometer_2014.git
0xbb-otp-authenticator,https://github.com/0xbb/otp-authenticator.git
MBach-AutoAirplaneMode,https://github.com/MBach/AutoAirplaneMode.git
SubhamTyagi-dork-explore,https://github.com/SubhamTyagi/dork-explore.git
TheRedSpy15-LTECleanerFOSS,https://github.com/TheRedSpy15/LTECleanerFOSS.git
vvolas-Awesome-Live-Wallpaper,https://github.com/vvolas/Awesome-Live-Wallpaper.git
brarcher-baby-sleep-sounds,https://github.com/brarcher/baby-sleep-sounds.git
mdecorde-BABYNAME,https://github.com/mdecorde/BABYNAME.git
SibDev-BadPixels,https://github.com/SibDev/BadPixels.git
scheich-Balance,https://github.com/scheich/Balance.git
daktak-basketbuild_downloader,https://github.com/daktak/basketbuild_downloader.git
sarbajitsaha-Batch-Uninstaller,https://github.com/sarbajitsaha/Batch-Uninstaller.git
enricocid-Battery-Live,https://github.com/enricocid/Battery-Live.git
darshan--Battery-Indicator-Free,https://github.com/darshan-/Battery-Indicator-Free.git
darshan--Battery-Indicator-Pro,https://github.com/darshan-/Battery-Indicator-Pro.git
Perflyst-BatteryCalibration,https://github.com/Perflyst/BatteryCalibration.git
knirirr-BeeCount,https://github.com/knirirr/BeeCount.git
VladThodo-behe-explorer,https://github.com/VladThodo/behe-explorer.git
Berlin-Vegan-berlin-vegan-guide,https://github.com/Berlin-Vegan/berlin-vegan-guide.git
javiersantos-WhatsAppBetaUpdater,https://github.com/javiersantos/WhatsAppBetaUpdater.git
Renard1911-BaiApp,https://github.com/Renard1911/BaiApp.git
apiote-Bimba,https://github.com/apiote/Bimba.git
iexos-BipolAlarm,https://github.com/iexos/BipolAlarm.git
PrivacyApps-birthday-calendar,https://github.com/PrivacyApps/birthday-calendar.git
btcontract-wallet,https://github.com/btcontract/wallet.git
bitcoin-wallet-bitcoin-wallet,https://github.com/bitcoin-wallet/bitcoin-wallet.git
kenCode-de-bitshares-wallet,https://github.com/kenCode-de/bitshares-wallet.git
kaliturin-BlackList,https://github.com/kaliturin/BlackList.git
ligi-BLExplorer,https://github.com/ligi/BLExplorer.git
blokadaorg-blokada,https://github.com/blokadaorg/blokada.git
scoute-dich-Blue-Minimal,https://github.com/scoute-dich/Blue-Minimal.git
pipakin-Android-Bluetooth-Reprap,https://github.com/pipakin/Android-Bluetooth-Reprap.git
kenkendk-android-bluez-ime,https://github.com/kenkendk/android-bluez-ime.git
bobthekingofegypt-BobBall,https://github.com/bobthekingofegypt/BobBall.git
drpout-boilr,https://github.com/drpout/boilr.git
sophiehuiberts-Bomber-for-android,https://github.com/sophiehuiberts/Bomber-for-android.git
JohnMH-BoogDroid,https://github.com/JohnMH/BoogDroid.git
andviane-google-books-android-viewer,https://github.com/andviane/google-books-android-viewer.git
charlieCollins-and-bookworm,https://github.com/charlieCollins/and-bookworm.git
nkanaev-bubble,https://github.com/nkanaev/bubble.git
avianey-Level,https://github.com/avianey/Level.git
jereksel-Bucket,https://github.com/jereksel/Bucket.git
brarcher-budget-watch,https://github.com/brarcher/budget-watch.git
alexghr-bulkshare,https://github.com/alexghr/bulkshare.git
X-Ryl669-BwareArea,https://github.com/X-Ryl669/BwareArea.git
c-base-c-beam-droid,https://github.com/c-base/c-beam-droid.git
Frozen-Developers-android-cache-cleaner,https://github.com/Frozen-Developers/android-cache-cleaner.git
otaconix-caffeinetile,https://github.com/otaconix/caffeinetile.git
SimpleMobileTools-Simple-Calculator,https://github.com/SimpleMobileTools/Simple-Calculator.git
pascalfree-calendar-color,https://github.com/pascalfree/calendar-color.git
k3b-CalendarIcsAdapter,https://github.com/k3b/CalendarIcsAdapter.git
PrivacyApps-calendar-import-export,https://github.com/PrivacyApps/calendar-import-export.git
rparkins999-CalendarTrigger,https://github.com/rparkins999/CalendarTrigger.git
renyuneyun-CamCov,https://github.com/renyuneyun/CamCov.git
tube42-candymem,https://github.com/tube42/candymem.git
luarca84-Caramelos,https://github.com/luarca84/Caramelos.git
agateau-cat-avatar-generator-app,https://github.com/agateau/cat-avatar-generator-app.git
Bubu-android-dice-game,https://github.com/Bubu/android-dice-game.git
bpeel-catverbs,https://github.com/bpeel/catverbs.git
netmackan-CertTools,https://github.com/netmackan/CertTools.git
grzegorznittner-chanu,https://github.com/grzegorznittner/chanu.git
kostmo-chartdroid,https://github.com/kostmo/chartdroid.git
mathisdt-checknetwork,https://github.com/mathisdt/checknetwork.git
SecUSo-privacy-friendly-dame,https://github.com/SecUSo/privacy-friendly-dame.git
gsantner-cherrymusic-android,https://github.com/gsantner/cherrymusic-android.git
SubhamTyagi-dork-explore,https://github.com/SubhamTyagi/dork-explore.git
TheRedSpy15-LTECleanerFOSS,https://github.com/TheRedSpy15/LTECleanerFOSS.git
raatmarien-chibe,https://github.com/raatmarien/chibe.git
dkanada-Chip8,https://github.com/dkanada/Chip8.git
pmarks-net-chromadoze,https://github.com/pmarks-net/chromadoze.git
bamless-chromium-swe-updater,https://github.com/bamless/chromium-swe-updater.git
nathan-osman-chronosnap,https://github.com/nathan-osman/chronosnap.git
rmceoin-cidrcalculator,https://github.com/rmceoin/cidrcalculator.git
emmaguy-clean-status-bar,https://github.com/emmaguy/clean-status-bar.git
douzifly-clear-todolist,https://github.com/douzifly/clear-todolist.git
heruoxin-Clip-Stack,https://github.com/heruoxin/Clip-Stack.git
Floens-Clover,https://github.com/Floens/Clover.git
enricocid-Color-picker-library,https://github.com/enricocid/Color-picker-library.git
VelbazhdSoftwareLLC-ColorsOverflow,https://github.com/VelbazhdSoftwareLLC/ColorsOverflow.git
mschlauch-comfortreader,https://github.com/mschlauch/comfortreader.git
CommonsLab-CommonsLab,https://github.com/CommonsLab/CommonsLab.git
gsimon75-compass-keyboard,https://github.com/gsimon75/compass-keyboard.git
VelbazhdSoftwareLLC-Complica4,https://github.com/VelbazhdSoftwareLLC/Complica4.git
quaap-ComputationalDemonology,https://github.com/quaap/ComputationalDemonology.git
connectbot-connectbot,https://github.com/connectbot/connectbot.git
k3b-ContentProviderHelper,https://github.com/k3b/ContentProviderHelper.git
siacs-Conversations,https://github.com/siacs/Conversations.git
johanhil-copy-to-clipboard,https://github.com/johanhil/copy-to-clipboard.git
alaskalinuxuser-app_critical_velocity,https://github.com/alaskalinuxuser/app_critical_velocity.git
faerbit-android-crond,https://github.com/faerbit/android-crond.git
billthefarmer-crossword,https://github.com/billthefarmer/crossword.git
nelenkov-cryptfs-password-manager,https://github.com/nelenkov/cryptfs-password-manager.git
arkon-CDFLabs,https://github.com/arkon/CDFLabs.git
cSploit-android,https://github.com/cSploit/android.git
paride-CopperPDF,https://github.com/paride/CopperPDF.git
billthefarmer-currency,https://github.com/billthefarmer/currency.git
nutritionfactsorg-daily-dozen-android,https://github.com/nutritionfactsorg/daily-dozen-android.git
gsantner-dandelion,https://github.com/gsantner/dandelion.git
rosenpin-DBZ-Battery-Widget,https://github.com/rosenpin/DBZ-Battery-Widget.git
scheich-debDroid,https://github.com/scheich/debDroid.git
deltachat-deltachat-android,https://github.com/deltachat/deltachat-android.git
Natureshadow-Zahnarztgeraeusche,https://github.com/Natureshadow/Zahnarztgeraeusche.git
fenimore-devinettes-android,https://github.com/fenimore/devinettes-android.git
matejdro-PebbleDialer-Android,https://github.com/matejdro/PebbleDialer-Android.git
billthefarmer-diary,https://github.com/billthefarmer/diary.git
javierllorente-adc,https://github.com/javierllorente/adc.git
SecUSo-privacy-friendly-dicer,https://github.com/SecUSo/privacy-friendly-dicer.git
giraffine-Android-Project,https://github.com/giraffine/Android-Project.git
SubhamTyagi-dork-explore,https://github.com/SubhamTyagi/dork-explore.git
TheRedSpy15-LTECleanerFOSS,https://github.com/TheRedSpy15/LTECleanerFOSS.git
renancunha33-DiolinuxApp,https://github.com/renancunha33/DiolinuxApp.git
pR0Ps-DisableBatteryWarnings,https://github.com/pR0Ps/DisableBatteryWarnings.git
IvanVolosyuk-diskusage,https://github.com/IvanVolosyuk/diskusage.git
obale-divedroid,https://github.com/obale/divedroid.git
devgianlu-DNSHero,https://github.com/devgianlu/DNSHero.git
julian-klode-dns66,https://github.com/julian-klode/dns66.git
PrivacyApps-document-viewer,https://github.com/PrivacyApps/document-viewer.git
quaap-DodaTheExploda,https://github.com/quaap/DodaTheExploda.git
dolphin-emu-dolphin,https://github.com/dolphin-emu/dolphin.git
dbravender-korean_conjugation,https://github.com/dbravender/korean_conjugation.git
agwells-dotdash-keyboard-android,https://github.com/agwells/dotdash-keyboard-android.git
sreichholf-dreamDroid,https://github.com/sreichholf/dreamDroid.git
amasciul-Drinks,https://github.com/amasciul/Drinks.git
rastating-DroidBeard,https://github.com/rastating/DroidBeard.git
peterosterlund2-droidfish,https://github.com/peterosterlund2/droidfish.git
ltGuillaume-DroidShows,https://github.com/ltGuillaume/DroidShows.git
yashima-droidweight,https://github.com/yashima/droidweight.git
alkom-droidzebra,https://github.com/alkom/droidzebra.git
tube42-drumon,https://github.com/tube42/drumon.git
mobimentum-dualsimreminder,https://github.com/mobimentum/dualsimreminder.git
johanhil-ddg-android,https://github.com/johanhil/ddg-android.git
duckduckgo-Android,https://github.com/duckduckgo/Android.git
yeriomin-DumbphoneAssistant,https://github.com/yeriomin/DumbphoneAssistant.git
fralik-Duorem,https://github.com/fralik/Duorem.git
quaddy-services-DynamicNightLight,https://github.com/quaddy-services/DynamicNightLight.git
n76-DejaVu,https://github.com/n76/DejaVu.git
renyuneyun-Easer,https://github.com/renyuneyun/Easer.git
Alkarex-EasyRSS,https://github.com/Alkarex/EasyRSS.git
mafik-echo,https://github.com/mafik/echo.git
billthefarmer-editor,https://github.com/billthefarmer/editor.git
sovworks-edslite,https://github.com/sovworks/edslite.git
MyIgel-EH17Fahrplan,https://github.com/MyIgel/EH17Fahrplan.git
ellaism-Lunary-Ethereum-Wallet,https://github.com/ellaism/Lunary-Ethereum-Wallet.git
m0ppers-ElpeEfpeAndroid,https://github.com/m0ppers/ElpeEfpeAndroid.git
subchannel13-EnchantedFortress,https://github.com/subchannel13/EnchantedFortress.git
JanmanX-EncryptTextApp,https://github.com/JanmanX/EncryptTextApp.git
vanitasvitae-EnigmAndroid,https://github.com/vanitasvitae/EnigmAndroid.git
Nutomic-ensichat,https://github.com/Nutomic/ensichat.git
pR0Ps-Entrust-IdentityGuard-Unblocker,https://github.com/pR0Ps/Entrust-IdentityGuard-Unblocker.git
hypeapps-episodie,https://github.com/hypeapps/episodie.git
clemensbartz-essential-launcher,https://github.com/clemensbartz/essential-launcher.git
RCasatta-EternityWallAndroid,https://github.com/RCasatta/EternityWallAndroid.git
e-venement-eve-control,https://github.com/e-venement/eve-control.git
danvratil-FBEventSync,https://github.com/danvratil/FBEventSync.git
fossasia-open-event-orga-app,https://github.com/fossasia/open-event-orga-app.git
Yonjuni-ExaltedDicer,https://github.com/Yonjuni/ExaltedDicer.git
Exodus-Privacy-exodus-android-app,https://github.com/Exodus-Privacy/exodus-android-app.git
gianluca-nitti-android-expr-eval,https://github.com/gianluca-nitti/android-expr-eval.git
kost-external-ip,https://github.com/kost/external-ip.git
mbmb5-Eylca,https://github.com/mbmb5/Eylca.git
indywidualny-FaceSlim,https://github.com/indywidualny/FaceSlim.git
M66B-open-source-email,https://github.com/M66B/open-source-email.git
WeAreFairphone-FP1-Launcher,https://github.com/WeAreFairphone/FP1-Launcher.git
mcastillof-FakeTraveler,https://github.com/mcastillof/FakeTraveler.git
thermatk-FakeGApps,https://github.com/thermatk/FakeGApps.git
gabm-FancyPlaces,https://github.com/gabm/FancyPlaces.git
ligi-FAST,https://github.com/ligi/FAST.git
Free-Software-for-Android-FasterGPS,https://github.com/Free-Software-for-Android/FasterGPS.git
thermatk-FastHub-Libre,https://github.com/thermatk/FastHub-Libre.git
sebastianrakel-fb-client-android,https://github.com/sebastianrakel/fb-client-android.git
zouroboros-filmchecker,https://github.com/zouroboros/filmchecker.git
schollz-find3-android-scanner,https://github.com/schollz/find3-android-scanner.git
M66B-FineGeotag,https://github.com/M66B/FineGeotag.git
mozilla-mobile-focus-android,https://github.com/mozilla-mobile/focus-android.git
VelbazhdSoftwareLLC-FishRingsForAndroid,https://github.com/VelbazhdSoftwareLLC/FishRingsForAndroid.git
fenimore-fissure-android,https://github.com/fenimore/fissure-android.git
abhijitvalluri-fitnotifications,https://github.com/abhijitvalluri/fitnotifications.git
pR0Ps-FlatConnectivityIcons,https://github.com/pR0Ps/FlatConnectivityIcons.git
ultramega-flavordex,https://github.com/ultramega/flavordex.git
danielmeek32-FlexibleWallpaper,https://github.com/danielmeek32/FlexibleWallpaper.git
happyalu-Flite-TTS-Engine-for-Android,https://github.com/happyalu/Flite-TTS-Engine-for-Android.git
renyuneyun-FLock,https://github.com/renyuneyun/FLock.git
FredJul-Flym,https://github.com/FredJul/Flym.git
gjedeer-androidwisprclient,https://github.com/gjedeer/androidwisprclient.git
SubhamTyagi-dork-explore,https://github.com/SubhamTyagi/dork-explore.git
TheRedSpy15-LTECleanerFOSS,https://github.com/TheRedSpy15/LTECleanerFOSS.git
elboza-footguy,https://github.com/elboza/footguy.git
martykan-forecastie,https://github.com/martykan/forecastie.git
slartus-4pdaClient-plus,https://github.com/slartus/4pdaClient-plus.git
316k-android-fortune,https://github.com/316k/android-fortune.git
scoute-dich-browser,https://github.com/scoute-dich/browser.git
jfilter-frag-den-staat-app,https://github.com/jfilter/frag-den-staat-app.git
freeminer-freeminer,https://github.com/freeminer/freeminer.git
freeotp-freeotp-android,https://github.com/freeotp/freeotp-android.git
helloworld1-FreeOTPPlus,https://github.com/helloworld1/FreeOTPPlus.git
knilch0r-freeshisen,https://github.com/knilch0r/freeshisen.git
WIStudent-FreifunkAutoConnectApp,https://github.com/WIStudent/FreifunkAutoConnectApp.git
dkanada-frost,https://github.com/dkanada/frost.git
videogameboy76-frozenbubbleandroid,https://github.com/videogameboy76/frozenbubbleandroid.git
videogameboy76-FBEditPlus,https://github.com/videogameboy76/FBEditPlus.git
ppareit-swiftp,https://github.com/ppareit/swiftp.git
no-go-FunPhonePuppet,https://github.com/no-go/FunPhonePuppet.git
meyerd-funktrainer,https://github.com/meyerd/funktrainer.git
jp-bennett-fwknop2,https://github.com/jp-bennett/fwknop2.git
dzmanto-foehnix,https://github.com/dzmanto/foehnix.git
Freeyourgadget-Gadgetbridge,https://github.com/Freeyourgadget/Gadgetbridge.git
murraycu-android-galaxyzoo,https://github.com/murraycu/android-galaxyzoo.git
tobykurien-GoogleApps,https://github.com/tobykurien/GoogleApps.git
mridang-gasflow,https://github.com/mridang/gasflow.git
urandom-gearshift,https://github.com/urandom/gearshift.git
zeldin-Gerberoid,https://github.com/zeldin/Gerberoid.git
seguri-GetForegroundActivity,https://github.com/seguri/GetForegroundActivity.git
Alikaraki95-Getoffyourphone,https://github.com/Alikaraki95/Getoffyourphone.git
ruleant-getback_gps,https://github.com/ruleant/getback_gps.git
andDevW-getChromium,https://github.com/andDevW/getChromium.git
rfc2822-GfxTablet,https://github.com/rfc2822/GfxTablet.git
Wilm0r-giggity,https://github.com/Wilm0r/giggity.git
restorer-gloomy-dungeons-2,https://github.com/restorer/gloomy-dungeons-2.git
ligi-gobandroid,https://github.com/ligi/gobandroid.git
tiagoshibata-Android-GPSd-Client,https://github.com/tiagoshibata/Android-GPSd-Client.git
barbeau-gpstest,https://github.com/barbeau/gpstest.git
evgenyzinoviev-gravitydefied,https://github.com/evgenyzinoviev/gravitydefied.git
zxalexis-guess,https://github.com/zxalexis/guess.git
vbier-habpanelviewer,https://github.com/vbier/habpanelviewer.git
tasomaniac-hackdash,https://github.com/tasomaniac/hackdash.git
klausw-hackerskeyboard,https://github.com/klausw/hackerskeyboard.git
corcoran-Hangar,https://github.com/corcoran/Hangar.git
haha01haha01-HaRail_Android,https://github.com/haha01haha01/HaRail_Android.git
kodejak-Hashr,https://github.com/kodejak/Hashr.git
cryptofuture-urlhda-android,https://github.com/cryptofuture/urlhda-android.git
vanilla-music-vanilla-headphone-detector,https://github.com/vanilla-music/vanilla-headphone-detector.git
cweiske-headphoneindicator,https://github.com/cweiske/headphoneindicator.git
urtxintxa-HexColorTime,https://github.com/urtxintxa/HexColorTime.git
queler-holokenmod,https://github.com/queler/holokenmod.git
Maxr1998-home-assistant-Android,https://github.com/Maxr1998/home-assistant-Android.git
HopEdia-android-client,https://github.com/HopEdia/android-client.git
jeremymarch-HoplitePolytonicKeyboardAndroid,https://github.com/jeremymarch/HoplitePolytonicKeyboardAndroid.git
jpriebe-hotdeath,https://github.com/jpriebe/hotdeath.git
derekcsm-hubble_gallery,https://github.com/derekcsm/hubble_gallery.git
zenorogue-hyperrogue,https://github.com/zenorogue/hyperrogue.git
kostmo-android-spiral-wallpaper,https://github.com/kostmo/android-spiral-wallpaper.git
1C3-ICEcons,https://github.com/1C3/ICEcons.git
iitc-project-ingress-intel-total-conversion,https://github.com/iitc-project/ingress-intel-total-conversion.git
nbenm-ImapNote2,https://github.com/nbenm/ImapNote2.git
achromaticmetaphor-IMCKTG,https://github.com/achromaticmetaphor/IMCKTG.git
itprojects-InboxPager,https://github.com/itprojects/InboxPager.git
x1125-initd-light,https://github.com/x1125/initd-light.git
k3b-intent-intercept,https://github.com/k3b/intent-intercept.git
smblott-github-intent_radio,https://github.com/smblott-github/intent_radio.git
SecUSo-privacy-friendly-interval-timer,https://github.com/SecUSo/privacy-friendly-interval-timer.git
salvadorp2001-Inventory_Taker,https://github.com/salvadorp2001/Inventory_Taker.git
niqdev-ipcam-view,https://github.com/niqdev/ipcam-view.git
ligi-IPFSDroid,https://github.com/ligi/IPFSDroid.git
seguri-IsPhoneEncrypted,https://github.com/seguri/IsPhoneEncrypted.git
VelbazhdSoftwareLLC-IthakaBoardGame,https://github.com/VelbazhdSoftwareLLC/IthakaBoardGame.git
enricocid-iven-feed-reader,https://github.com/enricocid/iven-feed-reader.git
richardchien-jigsaw-android,https://github.com/richardchien/jigsaw-android.git
nikita36078-J2ME-Loader,https://github.com/nikita36078/J2ME-Loader.git
jannispinter-jaws,https://github.com/jannispinter/jaws.git
JTechMe-JumpGo,https://github.com/JTechMe/JumpGo.git
andresth-Kandroid,https://github.com/andresth/Kandroid.git
Kunzisoft-KeePassDX,https://github.com/Kunzisoft/KeePassDX.git
NHellFire-KernelAdiutor,https://github.com/NHellFire/KernelAdiutor.git
SubhamTyagi-dork-explore,https://github.com/SubhamTyagi/dork-explore.git
TheRedSpy15-LTECleanerFOSS,https://github.com/TheRedSpy15/LTECleanerFOSS.git
kiwix-kiwix-xulrunner,https://github.com/kiwix/kiwix-xulrunner.git
konradrenner-kolabnotes-android,https://github.com/konradrenner/kolabnotes-android.git
kontalk-androidclient,https://github.com/kontalk/androidclient.git
blurpy-kouchat-android,https://github.com/blurpy/kouchat-android.git
poseidn-KungFoo,https://github.com/poseidn/KungFoo.git
ninelima-kwikEFIS,https://github.com/ninelima/kwikEFIS.git
alexcustos-linkasanote,https://github.com/alexcustos/linkasanote.git
ibinshoid-LASKmobile,https://github.com/ibinshoid/LASKmobile.git
quaap-LaunchTime,https://github.com/quaap/LaunchTime.git
LawnchairLauncher-Lawnchair,https://github.com/LawnchairLauncher/Lawnchair.git
0iras0r-ils-companion-android,https://github.com/0iras0r/ils-companion-android.git
MBach-LeMondeRssReader,https://github.com/MBach/LeMondeRssReader.git
foocorp-gnu-fm,https://github.com/foocorp/gnu-fm.git
tryton-vanmeer-LibreTrivia,https://github.com/tryton-vanmeer/LibreTrivia.git
foxykeep-lifecounter,https://github.com/foxykeep/lifecounter.git
MarcelJurtz-LifeCounter,https://github.com/MarcelJurtz/LifeCounter.git
felixwiemuth-LinCal,https://github.com/felixwiemuth/LinCal.git
LISTEN-moe-android-app,https://github.com/LISTEN-moe/android-app.git
michaelachmann-LnkShortener,https://github.com/michaelachmann/LnkShortener.git
n76-Local-GSM-Backend,https://github.com/n76/Local-GSM-Backend.git
n76-wifi_backend,https://github.com/n76/wifi_backend.git
k3b-locationMapViewer,https://github.com/k3b/locationMapViewer.git
seguri-lock,https://github.com/seguri/lock.git
zoenb-log28,https://github.com/zoenb/log28.git
darshanparajuli-LogcatReader,https://github.com/darshanparajuli/LogcatReader.git
iSoron-uhabits,https://github.com/iSoron/uhabits.git
SecUSo-privacy-friendly-ludo,https://github.com/SecUSo/privacy-friendly-ludo.git
shkcodes-Lyrically,https://github.com/shkcodes/Lyrically.git
ratmole-Mach3Pendant,https://github.com/ratmole/Mach3Pendant.git
Adonai-Man-Man,https://github.com/Adonai/Man-Man.git
falnatsheh-MarkdownView,https://github.com/falnatsheh/MarkdownView.git
BijoySingh-Scarlet-Notes,https://github.com/BijoySingh/Scarlet-Notes.git
ZeeRooo-MaterialFBook,https://github.com/ZeeRooo/MaterialFBook.git
materialos-android-icon-pack,https://github.com/materialos/android-icon-pack.git
icasdri-Mather,https://github.com/icasdri/Mather.git
mattermost-mattermost-android-classic,https://github.com/mattermost/mattermost-android-classic.git
chelovek84-mBrowser,https://github.com/chelovek84/mBrowser.git
JohnLines-mediclog,https://github.com/JohnLines/mediclog.git
yaa110-Memento,https://github.com/yaa110/Memento.git
androidsoft-org-androidsoft-memory,https://github.com/androidsoft-org/androidsoft-memory.git
jakobwenzel-MensaGuthaben,https://github.com/jakobwenzel/MensaGuthaben.git
Skarafaz-mercury,https://github.com/Skarafaz/mercury.git
dakhnod-Meshenger,https://github.com/dakhnod/Meshenger.git
gsurrel-MessengerBypasser,https://github.com/gsurrel/MessengerBypasser.git
zoff99-MetalabDoorWidget,https://github.com/zoff99/MetalabDoorWidget.git
mannyamorim-metrictime,https://github.com/mannyamorim/metrictime.git
waelk10-Metronome,https://github.com/waelk10/Metronome.git
jbirdvegas-external_jbirdvegas_mGerrit,https://github.com/jbirdvegas/external_jbirdvegas_mGerrit.git
JBirdVegas-external_jbirdvegas_mGerrit,https://github.com/JBirdVegas/external_jbirdvegas_mGerrit.git
gatheringhallstudios-MHGenDatabase,https://github.com/gatheringhallstudios/MHGenDatabase.git
raulhaag-MiMangaNu,https://github.com/raulhaag/MiMangaNu.git
easytargetmixel-micopi_android,https://github.com/easytargetmixel/micopi_android.git
mridang-microchip,https://github.com/mridang/microchip.git
bitplane-Microphone,https://github.com/bitplane/Microphone.git
MartiniMoe-MIDICtrl,https://github.com/MartiniMoe/MIDICtrl.git
SubhamTyagi-dork-explore,https://github.com/SubhamTyagi/dork-explore.git
TheRedSpy15-LTECleanerFOSS,https://github.com/TheRedSpy15/LTECleanerFOSS.git
evancharlton-android-mileage,https://github.com/evancharlton/android-mileage.git
minetest-minetest,https://github.com/minetest/minetest.git
rubenwardy-mtmods4android,https://github.com/rubenwardy/mtmods4android.git
rubenroy-Minimal-Todo,https://github.com/rubenroy/Minimal-Todo.git
imshyam-mintube,https://github.com/imshyam/mintube.git
mattgmg1990-miracast-widget,https://github.com/mattgmg1990/miracast-widget.git
artetxem-mitzuli,https://github.com/artetxem/mitzuli.git
andviane-moon,https://github.com/andviane/moon.git
mannd-morbidmeter-android,https://github.com/mannd/morbidmeter-android.git
CarstenKarbach-MoTAC,https://github.com/CarstenKarbach/MoTAC.git
chrismiceli-motp,https://github.com/chrismiceli/motp.git
cerisara-mousetodon,https://github.com/cerisara/mousetodon.git
movim-movim_android,https://github.com/movim/movim_android.git
microg-IchnaeaNlpBackend,https://github.com/microg/IchnaeaNlpBackend.git
abarisain-dmix,https://github.com/abarisain/dmix.git
AEFeinstein-mtg-familiar,https://github.com/AEFeinstein/mtg-familiar.git
crazyhitty-Munch,https://github.com/crazyhitty/Munch.git
mupen64plus-ae-mupen64plus-ae,https://github.com/mupen64plus-ae/mupen64plus-ae.git
MaxFour-Music-Player,https://github.com/MaxFour/Music-Player.git
enricocid-Music-Player-GO,https://github.com/enricocid/Music-Player-GO.git
albertolalanda-new-ultrasonic-fork-for-MyMusicQoE,https://github.com/albertolalanda/new-ultrasonic-fork-for-MyMusicQoE.git
aykit-MyOwnNotes,https://github.com/aykit/MyOwnNotes.git
lenchan139-NCBookmark,https://github.com/lenchan139/NCBookmark.git
ram-on-NetcfgWidget,https://github.com/ram-on/NetcfgWidget.git
M66B-NetGuard,https://github.com/M66B/NetGuard.git
scheich-Network,https://github.com/scheich/Network.git
dotWee-MicroPinner,https://github.com/dotWee/MicroPinner.git
samuelclay-NewsBlur,https://github.com/samuelclay/NewsBlur.git
nextgis-android_gisapp,https://github.com/nextgis/android_gisapp.git
MichaelEvans-NightModeEnabler,https://github.com/MichaelEvans/NightModeEnabler.git
Shirakumo-ocelot,https://github.com/Shirakumo/ocelot.git
openintents-filemanager,https://github.com/openintents/filemanager.git
Rudloff-openvegemap-cordova,https://github.com/Rudloff/openvegemap-cordova.git
labexp-osmtracker-android,https://github.com/labexp/osmtracker-android.git
Luorrak-Ouroboros,https://github.com/Luorrak/Ouroboros.git
nbossard-packlist,https://github.com/nbossard/packlist.git
devmil-PaperLaunch,https://github.com/devmil/PaperLaunch.git
ligi-PassAndroid,https://github.com/ligi/PassAndroid.git
zeapo-Android-Password-Store,https://github.com/zeapo/Android-Password-Store.git
Swati4star-Images-to-PDF,https://github.com/Swati4star/Images-to-PDF.git
Frozen-Developers-android-periodic-table,https://github.com/Frozen-Developers/android-periodic-table.git
PGPAuth-PGPAuth_Android,https://github.com/PGPAuth/PGPAuth_Android.git
PhotoBackup-client-android,https://github.com/PhotoBackup/client-android.git
MrFlyingToasterman-Pijaret,https://github.com/MrFlyingToasterman/Pijaret.git
kaputnikGo-PilferShushJammer,https://github.com/kaputnikGo/PilferShushJammer.git
fvasco-pinpoi,https://github.com/fvasco/pinpoi.git
rnauber-pipepanic-android,https://github.com/rnauber/pipepanic-android.git
dahlia-muzei-pixiv,https://github.com/dahlia/muzei-pixiv.git
playmusicexporter-playmusicexporter,https://github.com/playmusicexporter/playmusicexporter.git
0xFireball-PluckLockEx,https://github.com/0xFireball/PluckLockEx.git
Utyff-pMetro,https://github.com/Utyff/pMetro.git
caarmen-poet-assistant,https://github.com/caarmen/poet-assistant.git
JSandomierz-pcis,https://github.com/JSandomierz/pcis.git
beriain-PolarClock,https://github.com/beriain/PolarClock.git
VelbazhdSoftwareLLC-Politrics,https://github.com/VelbazhdSoftwareLLC/Politrics.git
huckleberrypie-pollywog,https://github.com/huckleberrypie/pollywog.git
Nyubis-Pomfshare,https://github.com/Nyubis/Pomfshare.git
aaronjwood-PortAuthority,https://github.com/aaronjwood/PortAuthority.git
hrydgard-ppsspp,https://github.com/hrydgard/ppsspp.git
metinkale38-prayer-times-android,https://github.com/metinkale38/prayer-times-android.git
pretix-pretixdroid,https://github.com/pretix/pretixdroid.git
smithdtyler-prettygoodmusicplayer,https://github.com/smithdtyler/prettygoodmusicplayer.git
quaap-Primary,https://github.com/quaap/Primary.git
andviane-prism,https://github.com/andviane/prism.git
brarcher-protect-baby-monitor,https://github.com/brarcher/protect-baby-monitor.git
phpsysinfo-psiandroid,https://github.com/phpsysinfo/psiandroid.git
fossasia-pslab-android,https://github.com/fossasia/pslab-android.git
SubhamTyagi-dork-explore,https://github.com/SubhamTyagi/dork-explore.git
TheRedSpy15-LTECleanerFOSS,https://github.com/TheRedSpy15/LTECleanerFOSS.git
MihaiBalint-TimisoaraPublicTransport,https://github.com/MihaiBalint/TimisoaraPublicTransport.git
PuffOpenSource-Puff-Android,https://github.com/PuffOpenSource/Puff-Android.git
chrisboyle-sgtpuzzles,https://github.com/chrisboyle/sgtpuzzles.git
moezbhatti-qksms,https://github.com/moezbhatti/qksms.git
SecUSo-privacy-friendly-qr-scanner,https://github.com/SecUSo/privacy-friendly-qr-scanner.git
xloem-qrstream,https://github.com/xloem/qrstream.git
sandsmark-QuasselDroid,https://github.com/sandsmark/QuasselDroid.git
Ohmnibus-quick-dice-roller,https://github.com/Ohmnibus/quick-dice-roller.git
rosenpin-QuickDrawEverywhere,https://github.com/rosenpin/QuickDrawEverywhere.git
himmele-quickdroid,https://github.com/himmele/quickdroid.git
QuickLyric-QuickLyric,https://github.com/QuickLyric/QuickLyric.git
scoute-dich-QuitSmoking,https://github.com/scoute-dich/QuitSmoking.git
cesarvaliente-quitesleep,https://github.com/cesarvaliente/quitesleep.git
frrahat-Quran-For-My-Android,https://github.com/frrahat/Quran-For-My-Android.git
andybalaam-rabbit-escape,https://github.com/andybalaam/rabbit-escape.git
mrksbrg-RacketGhost,https://github.com/mrksbrg/RacketGhost.git
openbmap-radiocells-scanner-android,https://github.com/openbmap/radiocells-scanner-android.git
openbmap-radiocells-nlp-android,https://github.com/openbmap/radiocells-nlp-android.git
sanderbaas-rainalarm-android,https://github.com/sanderbaas/rainalarm-android.git
eidottermihi-rpicheck,https://github.com/eidottermihi/rpicheck.git
engSERGIU-React,https://github.com/engSERGIU/React.git
aminecmi-ReaderforSelfoss,https://github.com/aminecmi/ReaderforSelfoss.git
SecUSo-privacy-friendly-reckoning-skills,https://github.com/SecUSo/privacy-friendly-reckoning-skills.git
jonasbleyl-Recurrence,https://github.com/jonasbleyl/Recurrence.git
martinchodev-RedPanal-Android-WebApp,https://github.com/martinchodev/RedPanal-Android-WebApp.git
vi-redscreen.apk,https://github.com/vi/redscreen.apk.git
phikal-ReGeX,https://github.com/phikal/ReGeX.git
Leszek111-ReLaunchX,https://github.com/Leszek111/ReLaunchX.git
uatach-reminders,https://github.com/uatach/reminders.git
no-go-ReoTwe,https://github.com/no-go/ReoTwe.git
futurice-meeting-room-tablet,https://github.com/futurice/meeting-room-tablet.git
IbrahimYousre-Resume-Builder,https://github.com/IbrahimYousre/Resume-Builder.git
m45t3r-retrobreaker,https://github.com/m45t3r/retrobreaker.git
RetroShare-RetroShare,https://github.com/RetroShare/RetroShare.git
demantz-RFAnalyzer,https://github.com/demantz/RFAnalyzer.git
fasteque-rgb-tool,https://github.com/fasteque/rgb-tool.git
no-go-RickApp,https://github.com/no-go/RickApp.git
kyriog-rights-alert,https://github.com/kyriog/rights-alert.git
norenh-RKFRead,https://github.com/norenh/RKFRead.git
wseemann-RoMote,https://github.com/wseemann/RoMote.git
jfcolom-rosary,https://github.com/jfcolom/rosary.git
phuang-RotationLock,https://github.com/phuang/RotationLock.git
yolosec-routerkeygenAndroid,https://github.com/yolosec/routerkeygenAndroid.git
scoutant-rpn,https://github.com/scoutant/rpn.git
martinmarinov-rtl_tcp_andro-,https://github.com/martinmarinov/rtl_tcp_andro-.git
SecUSo-privacy-friendly-ruler,https://github.com/SecUSo/privacy-friendly-ruler.git
Marlinski-Rumble,https://github.com/Marlinski/Rumble.git
JonasCz-save-for-offline,https://github.com/JonasCz/save-for-offline.git
VelbazhdSoftwareLLC-Scribe4,https://github.com/VelbazhdSoftwareLLC/Scribe4.git
mo3rfan-ScrollSocket,https://github.com/mo3rfan/ScrollSocket.git
caarmen-scrumchatter,https://github.com/caarmen/scrumchatter.git
haiwen-seadroid,https://github.com/haiwen/seadroid.git
marcoM32-SeaMapDroid,https://github.com/marcoM32/SeaMapDroid.git
scottamain-Search_Light,https://github.com/scottamain/Search_Light.git
farmerbb-SecondScreen,https://github.com/farmerbb/SecondScreen.git
Fr4gorSoftware-SecScanQR,https://github.com/Fr4gorSoftware/SecScanQR.git
Somethingweirdhere-Secure-Photo-Viewer,https://github.com/Somethingweirdhere/Secure-Photo-Viewer.git
sileht-SeeksWidget,https://github.com/sileht/SeeksWidget.git
arpruss-sendreduced,https://github.com/arpruss/sendreduced.git
ianmcxa-vortaro,https://github.com/ianmcxa/vortaro.git
mustafa01ali-SensorsSandbox,https://github.com/mustafa01ali/SensorsSandbox.git
SensorApps-Sensors2OSC,https://github.com/SensorApps/Sensors2OSC.git
SensorApps-Sensors2Pd,https://github.com/SensorApps/Sensors2Pd.git
servalproject-batphone,https://github.com/servalproject/batphone.git
sylvek-sharemyposition,https://github.com/sylvek/sharemyposition.git
marcosdiez-shareviahttp,https://github.com/marcosdiez/shareviahttp.git
queler-sharetobrowser,https://github.com/queler/sharetobrowser.git
00-Evan-shattered-pixel-dungeon,https://github.com/00-Evan/shattered-pixel-dungeon.git
try2codesecure-ShellMS,https://github.com/try2codesecure/ShellMS.git
woefe-ShoppingList,https://github.com/woefe/ShoppingList.git
PrivacyApps-calendar-contacts-shortcuts,https://github.com/PrivacyApps/calendar-contacts-shortcuts.git
billthefarmer-shorty,https://github.com/billthefarmer/shorty.git
kebernet-shortyz,https://github.com/kebernet/shortyz.git
cody82-sigfood,https://github.com/cody82/sigfood.git
billthefarmer-sig-gen,https://github.com/billthefarmer/sig-gen.git
Lanchon-sigspoof-checker,https://github.com/Lanchon/sigspoof-checker.git
hoihei-Silectric,https://github.com/hoihei/Silectric.git
SilenceIM-Silence,https://github.com/SilenceIM/Silence.git
stanipintjuk-Silverfish,https://github.com/stanipintjuk/Silverfish.git
EmmanuelMess-Simple-Accounting,https://github.com/EmmanuelMess/Simple-Accounting.git
eldarerathis-Simple-Chess-Clock,https://github.com/eldarerathis/Simple-Chess-Clock.git
smarek-Simple-Dilbert,https://github.com/smarek/Simple-Dilbert.git
DF1E-SimpleExplorer,https://github.com/DF1E/SimpleExplorer.git
thelinuxgeekcommunity-simpleirc,https://github.com/thelinuxgeekcommunity/simpleirc.git
rkkr-simple-keyboard,https://github.com/rkkr/simple-keyboard.git
tgwizard-sls,https://github.com/tgwizard/sls.git
toxtox-SimplePhilosopherstoneWidget,https://github.com/toxtox/SimplePhilosopherstoneWidget.git
TobiasBielefeld-Simple-Search,https://github.com/TobiasBielefeld/Simple-Search.git
Jizzu-SimpleToDo,https://github.com/Jizzu/SimpleToDo.git
vvviperrr-SimpleRT,https://github.com/vvviperrr/SimpleRT.git
Chessmasterrr-SimpleStatsWidget,https://github.com/Chessmasterrr/SimpleStatsWidget.git
mpcjanssen-simpletask-android,https://github.com/mpcjanssen/simpletask-android.git
aidin36-simpletextcrypt,https://github.com/aidin36/simpletextcrypt.git
enricocid-Simply-Solid,https://github.com/enricocid/Simply-Solid.git
whitequark-SIPCaller,https://github.com/whitequark/SIPCaller.git
i-p-tel-sipdroid,https://github.com/i-p-tel/sipdroid.git
namlit-siteswap_generator,https://github.com/namlit/siteswap_generator.git
sky-map-team-stardroid,https://github.com/sky-map-team/stardroid.git
ram-on-SkyTube,https://github.com/ram-on/SkyTube.git
trikita-slide,https://github.com/trikita/slide.git
scheich-SlideItLoud,https://github.com/scheich/SlideItLoud.git
marcopar-SliderSynth,https://github.com/marcopar/SliderSynth.git
handschuh-Slight-backup,https://github.com/handschuh/Slight-backup.git
rignaneseleo-SlimSocial-for-Twitter,https://github.com/rignaneseleo/SlimSocial-for-Twitter.git
frankmorgner-vsmartcard,https://github.com/frankmorgner/vsmartcard.git
wbaumann-SmartReceiptsLibrary,https://github.com/wbaumann/SmartReceiptsLibrary.git
timnew-AndroidInfrared,https://github.com/timnew/AndroidInfrared.git
kenCode-de-smartcoins-wallet,https://github.com/kenCode-de/smartcoins-wallet.git
Phantast-smartnavi,https://github.com/Phantast/smartnavi.git
yeriomin-SmsScheduler,https://github.com/yeriomin/SmsScheduler.git
xmikos-SnooperStopper,https://github.com/xmikos/SnooperStopper.git
aario-snotepad,https://github.com/aario/snotepad.git
agnibho-solarcompass,https://github.com/agnibho/solarcompass.git
retrobits-son_of_hunkypunk,https://github.com/retrobits/son_of_hunkypunk.git
meonwax-soundboard,https://github.com/meonwax/soundboard.git
bottiger-SoundWaves,https://github.com/bottiger/SoundWaves.git
0xe1f-Spark360,https://github.com/0xe1f/Spark360.git
Etuldan-spaRSS,https://github.com/Etuldan/spaRSS.git
mikereidis-spirit2_free,https://github.com/mikereidis/spirit2_free.git
fyhertz-spydroid-ipcamera,https://github.com/fyhertz/spydroid-ipcamera.git
fr3ts0n-StageFever,https://github.com/fr3ts0n/StageFever.git
xgouchet-Stanley,https://github.com/xgouchet/Stanley.git
Sw24Softwares-StarkeVerben,https://github.com/Sw24Softwares/StarkeVerben.git
grmpl-StepandHeightcounter,https://github.com/grmpl/StepandHeightcounter.git
zikalify-StoicReading,https://github.com/zikalify/StoicReading.git
KodarKooperativet-NotificationStopwatch,https://github.com/KodarKooperativet/NotificationStopwatch.git
enricocid-Storage-USB,https://github.com/enricocid/Storage-USB.git
LonamiWebs-Stringlate,https://github.com/LonamiWebs/Stringlate.git
crysxd-Studiportal-Checker,https://github.com/crysxd/Studiportal-Checker.git
forrestguice-SuntimesWidget,https://github.com/forrestguice/SuntimesWidget.git
xxv-SuperGenPass,https://github.com/xxv/SuperGenPass.git
phhusson-Superuser,https://github.com/phhusson/Superuser.git
zoff99-surespot-android,https://github.com/zoff99/surespot-android.git
VelbazhdSoftwareLLC-SvarkaOddsCalculator,https://github.com/VelbazhdSoftwareLLC/SvarkaOddsCalculator.git
adrianchifor-Swiftnotes,https://github.com/adrianchifor/Swiftnotes.git
err4nt-SwpieView,https://github.com/err4nt/SwpieView.git
n76-Symphony,https://github.com/n76/Symphony.git
maxammann-music-cyclon,https://github.com/maxammann/music-cyclon.git
Kadabash-SyncOnWifi,https://github.com/Kadabash/SyncOnWifi.git
mo3rfan-syncplayer,https://github.com/mo3rfan/syncplayer.git
syncthing-syncthing-android,https://github.com/syncthing/syncthing-android.git
TheAkki-Synctool,https://github.com/TheAkki/Synctool.git
scheich-SyncWifi,https://github.com/scheich/SyncWifi.git
fAndreuzzi-TUI-ConsoleLauncher,https://github.com/fAndreuzzi/TUI-ConsoleLauncher.git
inorichi-tachiyomi,https://github.com/inorichi/tachiyomi.git
trikita-talalarmo,https://github.com/trikita/talalarmo.git
google-talkback,https://github.com/google/talkback.git
gabm-TapAndTurn,https://github.com/gabm/TapAndTurn.git
wsdfhjxc-taponium,https://github.com/wsdfhjxc/taponium.git
dmfs-opentasks,https://github.com/dmfs/opentasks.git
tasks-tasks,https://github.com/tasks/tasks.git
negativedensity-techahashi,https://github.com/negativedensity/techahashi.git
ATryder-TEdit,https://github.com/ATryder/TEdit.git
Telegram-FOSS-Team-Telegram-FOSS,https://github.com/Telegram-FOSS-Team/Telegram-FOSS.git
open-keychain-termbot,https://github.com/open-keychain/termbot.git
termux-termux-boot,https://github.com/termux/termux-boot.git
SubhamTyagi-dork-explore,https://github.com/SubhamTyagi/dork-explore.git
TheRedSpy15-LTECleanerFOSS,https://github.com/TheRedSpy15/LTECleanerFOSS.git
RinatKurmaev-Tether-companion,https://github.com/RinatKurmaev/Tether-companion.git
TheFakeMontyOnTheRun-knightsofalentejo,https://github.com/TheFakeMontyOnTheRun/knightsofalentejo.git
scheich-Throughput,https://github.com/scheich/Throughput.git
TilelessMap-TilelessMap,https://github.com/TilelessMap/TilelessMap.git
ThibaudM-timelapse-sony,https://github.com/ThibaudM/timelapse-sony.git
LuK1337-TimeTable2,https://github.com/LuK1337/TimeTable2.git
xperia64-timidity-ae,https://github.com/xperia64/timidity-ae.git
fistons-TinyTinyFeed,https://github.com/fistons/TinyTinyFeed.git
redfish64-TinyTravelTracker,https://github.com/redfish64/TinyTravelTracker.git
sorz-TinyKeePass,https://github.com/sorz/TinyKeePass.git
joaomneto-TitanCompanion,https://github.com/joaomneto/TitanCompanion.git
SecUSo-privacy-friendly-todo-list,https://github.com/SecUSo/privacy-friendly-todo-list.git
JakeLane-Toffeed,https://github.com/JakeLane/Toffeed.git
k3b-toGoZip,https://github.com/k3b/toGoZip.git
Fortyseven-ToneDef,https://github.com/Fortyseven/ToneDef.git
MrDoomy-Torch,https://github.com/MrDoomy/Torch.git
SecUSo-privacy-friendly-torchlight,https://github.com/SecUSo/privacy-friendly-torchlight.git
sujithkanna-TouchDetector,https://github.com/sujithkanna/TouchDetector.git
wistein-TourCount,https://github.com/wistein/TourCount.git
zamojski-TowerCollector,https://github.com/zamojski/TowerCollector.git
zoff99-CampFahrplan,https://github.com/zoff99/CampFahrplan.git
traccar-traccar-client-android,https://github.com/traccar/traccar-client-android.git
mathisdt-trackworktime,https://github.com/mathisdt/trackworktime.git
erickok-transdroid-search,https://github.com/erickok/transdroid-search.git
wistein-TransektCount,https://github.com/wistein/TransektCount.git
grote-Transportr,https://github.com/grote/Transportr.git
equeim-tremotesf-android,https://github.com/equeim/tremotesf-android.git
whirish-Tri-Valley-Buses,https://github.com/whirish/Tri-Valley-Buses.git
fabmazz-triesteinbus,https://github.com/fabmazz/triesteinbus.git
zoff99-ToxAndroidRefImpl,https://github.com/zoff99/ToxAndroidRefImpl.git
ebaschiera-TripleCamel,https://github.com/ebaschiera/TripleCamel.git
teal77-trireme,https://github.com/teal77/trireme.git
Dryec-tron-wallet-android,https://github.com/Dryec/tron-wallet-android.git
mlsoft-Trycorder5,https://github.com/mlsoft/Trycorder5.git
nilsbraden-ttrss-reader-fork,https://github.com/nilsbraden/ttrss-reader-fork.git
TobiasSchwirten-tuiodroid,https://github.com/TobiasSchwirten/tuiodroid.git
tuskyapp-Tusky,https://github.com/tuskyapp/Tusky.git
tutao-tutanota,https://github.com/tutao/tutanota.git
VelbazhdSoftwareLLC-tuty-fruty-slot-for-android,https://github.com/VelbazhdSoftwareLLC/tuty-fruty-slot-for-android.git
tux4kids-Tuxpaint-Android,https://github.com/tux4kids/Tuxpaint-Android.git
TwidereProject-Twidere-Android,https://github.com/TwidereProject/Twidere-Android.git
moko256-twitlatte,https://github.com/moko256/twitlatte.git
no-go-UART-Smartwatch,https://github.com/no-go/UART-Smartwatch.git
ultrasonic-ultrasonic,https://github.com/ultrasonic/ultrasonic.git
liveplayergames-UFP,https://github.com/liveplayergames/UFP.git
physphil-UnitConverterUltimate,https://github.com/physphil/UnitConverterUltimate.git
xxv-Units,https://github.com/xxv/Units.git
daverix-urlforwarder,https://github.com/daverix/urlforwarder.git
Streetwalrus-android_usb_msd,https://github.com/Streetwalrus/android_usb_msd.git
vanilla-music-vanilla,https://github.com/vanilla-music/vanilla.git
jiikuy-velocitycalculator,https://github.com/jiikuy/velocitycalculator.git
allan-simon-verbiste-android,https://github.com/allan-simon/verbiste-android.git
MarcusWolschon-osmeditor4android,https://github.com/MarcusWolschon/osmeditor4android.git
Antonis427-veterondo,https://github.com/Antonis427/veterondo.git
brarcher-video-transcoder,https://github.com/brarcher/video-transcoder.git
AdrienPoupa-VinylMusicPlayer,https://github.com/AdrienPoupa/VinylMusicPlayer.git
VelbazhdSoftwareLLC-VitoshaDM,https://github.com/VelbazhdSoftwareLLC/VitoshaDM.git
nicolasbrailo-VlcFreemote,https://github.com/nicolasbrailo/VlcFreemote.git
0xpr03-VocableTrainer-Android,https://github.com/0xpr03/VocableTrainer-Android.git
siacs-VoiceRecorder,https://github.com/siacs/VoiceRecorder.git
michaelkourlas-voipms-sms-client,https://github.com/michaelkourlas/voipms-sms-client.git
stephanepoinsart-votar,https://github.com/stephanepoinsart/votar.git
aperifons-Wa-Tor,https://github.com/aperifons/Wa-Tor.git
davidhealey-waistline,https://github.com/davidhealey/waistline.git
walleth-walleth,https://github.com/walleth/walleth.git
Limegrass-Wanicchou,https://github.com/Limegrass/Wanicchou.git
SpEcHiDe-WhatsAppTransmitter,https://github.com/SpEcHiDe/WhatsAppTransmitter.git
SecUSo-privacy-friendly-weather,https://github.com/SecUSo/privacy-friendly-weather.git
dh4-WeatherRadar,https://github.com/dh4/WeatherRadar.git
sanderbaas-WeatherWidget,https://github.com/sanderbaas/WeatherWidget.git
opacapp-opacclient,https://github.com/opacapp/opacclient.git
warenix-Web2PDF,https://github.com/warenix/Web2PDF.git
martykan-webTube,https://github.com/martykan/webTube.git
SecUSo-privacy-friendly-werewolf,https://github.com/SecUSo/privacy-friendly-werewolf.git
DaylightingSociety-WhereAreTheEyes,https://github.com/DaylightingSociety/WhereAreTheEyes.git
BramBonne-privacypolice,https://github.com/BramBonne/privacypolice.git
marcus905-android-wifi-ace,https://github.com/marcus905/android-wifi-ace.git
j4velin-WiFi-Automatic,https://github.com/j4velin/WiFi-Automatic.git
js-labs-WalkieTalkie,https://github.com/js-labs/WalkieTalkie.git
SLoeuillet-WIFI_EAP_SIM_Conf,https://github.com/SLoeuillet/WIFI_EAP_SIM_Conf.git
ivanvolosyuk-wifikeyboard,https://github.com/ivanvolosyuk/wifikeyboard.git
bparmentier-WiFiKeyShare,https://github.com/bparmentier/WiFiKeyShare.git
WikiJourney-wikijourney_app,https://github.com/WikiJourney/wikijourney_app.git
wikimedia-apps-android-wikipedia,https://github.com/wikimedia/apps-android-wikipedia.git
conchyliculture-wikipoff,https://github.com/conchyliculture/wikipoff.git
sryze-wirebug,https://github.com/sryze/wirebug.git
GrahamBlanshard-WiseRadar,https://github.com/GrahamBlanshard/WiseRadar.git
ylogx-wordpowermadeeasy,https://github.com/ylogx/wordpowermadeeasy.git
yeriomin-WorkoutLog,https://github.com/yeriomin/WorkoutLog.git
arminha-worldclockwidget,https://github.com/arminha/worldclockwidget.git
nus-mtp-worldscope,https://github.com/nus-mtp/worldscope.git
XCSoar-XCSoar,https://github.com/XCSoar/XCSoar.git
gbarre-xiaExpressAndroid,https://github.com/gbarre/xiaExpressAndroid.git
tcoxon-XkcdViewer,https://github.com/tcoxon/XkcdViewer.git
bradand-XMouse,https://github.com/bradand/XMouse.git
daktak-xposed_downloader,https://github.com/daktak/xposed_downloader.git
rovo89-XposedInstaller,https://github.com/rovo89/XposedInstaller.git
M66B-XPrivacyLua,https://github.com/M66B/XPrivacyLua.git
yeriomin-YalpStore,https://github.com/yeriomin/YalpStore.git
Yubico-yubiclip-android,https://github.com/Yubico/yubiclip-android.git
ka-ba-yucata.envoy,https://github.com/ka-ba/yucata.envoy.git
zoff99-zanavi,https://github.com/zoff99/zanavi.git
cemrich-zapp,https://github.com/cemrich/zapp.git
ngbvol-Zensuren,https://github.com/ngbvol/Zensuren.git
ianmcxa-ZephyrLogger,https://github.com/ianmcxa/ZephyrLogger.git
ligi-etheremote,https://github.com/ligi/etheremote.git
bfabiszewski-ulogger-android,https://github.com/bfabiszewski/ulogger-android.git
bronydell-Android-MGKEapp,https://github.com/bronydell/Android-MGKEapp.git
adavari-Todoer,https://github.com/adavari/Todoer.git