hidroh-materialistic,https://www.github.com/hidroh/materialistic.git
gsantner-memetastic,https://www.github.com/gsantner/memetastic.git
fenimore-DemocracyDroid,https://www.github.com/fenimore/DemocracyDroid.git
ctodobom-OpenNoteScanner,https://www.github.com/ctodobom/OpenNoteScanner.git
HugoGresse-Anecdote,https://www.github.com/HugoGresse/Anecdote.git
greenaddress-abcore,https://www.github.com/greenaddress/abcore.git
mkulesh-microMathematics,https://www.github.com/mkulesh/microMathematics.git
vijai1996-screenrecorder,https://www.github.com/vijai1996/screenrecorder.git
gsantner-markor,https://www.github.com/gsantner/markor.git
SecUSo-privacy-friendly-pedometer,https://www.github.com/SecUSo/privacy-friendly-pedometer.git
philliphsu-ClockPlus,https://www.github.com/philliphsu/ClockPlus.git
Sparker0i-Weather,https://www.github.com/Sparker0i/Weather.git
ScreamingHawk-android-slideshow,https://www.github.com/ScreamingHawk/android-slideshow.git
openintents-notepad,https://www.github.com/openintents/notepad.git
jtmcn-archwiki-viewer,https://www.github.com/jtmcn/archwiki-viewer.git
kwantam-batsHIIT,https://www.github.com/kwantam/batsHIIT.git
commons-app-apps-android-commons,https://www.github.com/commons-app/apps-android-commons.git
Cj-Malone-Screens,https://www.github.com/Cj-Malone/Screens.git
MarcelJurtz-MTG_LifeCounter,https://www.github.com/MarcelJurtz/MTG_LifeCounter.git
OpenArchive-openarchive,https://www.github.com/OpenArchive/openarchive.git
erickok-transdroid,https://www.github.com/erickok/transdroid.git
kollerlukas-Camera-Roll-Android-App,https://www.github.com/kollerlukas/Camera-Roll-Android-App.git
T-Rex96-Easy_xkcd,https://www.github.com/T-Rex96/Easy_xkcd.git
TobiasBielefeld-Simple-Brick-Games,https://www.github.com/TobiasBielefeld/Simple-Brick-Games.git
TheTorProject-ooniprobe-android,https://www.github.com/TheTorProject/ooniprobe-android.git
MCMrARM-revolution-irc,https://www.github.com/MCMrARM/revolution-irc.git
andOTP-andOTP,https://www.github.com/andOTP/andOTP.git
qqq3-inventum,https://www.github.com/qqq3/inventum.git
HenriDellal-emerald,https://www.github.com/HenriDellal/emerald.git
tengusw-share_to_clipboard,https://www.github.com/tengusw/share_to_clipboard.git
arnef-bewegungsmelder-android,https://www.github.com/arnef/bewegungsmelder-android.git
SecUSo-privacy-friendly-dice-game,https://www.github.com/SecUSo/privacy-friendly-dice-game.git
itds-consulting-android-silent-ping-sms,https://www.github.com/itds-consulting/android-silent-ping-sms.git
gilbsgilbs-freemobilenetstat,https://www.github.com/gilbsgilbs/freemobilenetstat.git
BiglySoftware-BiglyBT-Android,https://www.github.com/BiglySoftware/BiglyBT-Android.git
btimofeev-UniPatcher,https://www.github.com/btimofeev/UniPatcher.git
Andre1299-TUI-ConsoleLauncher,https://www.github.com/Andre1299/TUI-ConsoleLauncher.git
adolfintel-chromiumUpdater,https://www.github.com/adolfintel/chromiumUpdater.git
termux-termux-app,https://www.github.com/termux/termux-app.git
tananaev-rootless-logcat,https://www.github.com/tananaev/rootless-logcat.git
sergstetsuk-CosyDVR,https://www.github.com/sergstetsuk/CosyDVR.git
caarmen-network-monitor,https://www.github.com/caarmen/network-monitor.git
termux-termux-styling,https://www.github.com/termux/termux-styling.git
TheUberCatman-crates-io-android,https://www.github.com/TheUberCatman/crates-io-android.git
j4velin-Pedometer,https://www.github.com/j4velin/Pedometer.git
micolous-metrodroid,https://www.github.com/micolous/metrodroid.git
wbrenna-GTFSOffline,https://www.github.com/wbrenna/GTFSOffline.git
caarmen-nounours-android,https://www.github.com/caarmen/nounours-android.git
Etar-Group-Etar-Calendar,https://www.github.com/Etar-Group/Etar-Calendar.git
SteamGifts-SteamGifts,https://www.github.com/SteamGifts/SteamGifts.git
AnaelMobilia-NextINpact-Unofficial,https://www.github.com/AnaelMobilia/NextINpact-Unofficial.git
scoute-dich-HHSMoodle,https://www.github.com/scoute-dich/HHSMoodle.git
joonatoona-OpenShift,https://www.github.com/joonatoona/OpenShift.git
maks-MGit,https://www.github.com/maks/MGit.git
meoblast001-thugaim,https://www.github.com/meoblast001/thugaim.git
Tortel-SysLog,https://www.github.com/Tortel/SysLog.git
pR0Ps-LocationShare,https://www.github.com/pR0Ps/LocationShare.git
dftec-es-planetcon,https://www.github.com/dftec-es/planetcon.git
saschpe-BirthdayCalendar,https://www.github.com/saschpe/BirthdayCalendar.git
EvanRespaut-Equate,https://www.github.com/EvanRespaut/Equate.git
alaskalinuxuser-app_hourglass,https://www.github.com/alaskalinuxuser/app_hourglass.git
Neamar-KISS,https://www.github.com/Neamar/KISS.git
qqq3-good-weather,https://www.github.com/qqq3/good-weather.git
TripSit-tripmobile,https://www.github.com/TripSit/tripmobile.git
y20k-transistor,https://www.github.com/y20k/transistor.git
geecko86-QuickLyric,https://www.github.com/geecko86/QuickLyric.git
richsmith-sexytopo,https://www.github.com/richsmith/sexytopo.git
icechen1-Notable,https://www.github.com/icechen1/Notable.git
quaap-SeafoodBerserker,https://www.github.com/quaap/SeafoodBerserker.git
Gittner-OSMBugs,https://www.github.com/Gittner/OSMBugs.git
oliexdev-openScale,https://www.github.com/oliexdev/openScale.git
termux-termux-widget,https://www.github.com/termux/termux-widget.git
guardianproject-ripple,https://www.github.com/guardianproject/ripple.git
termux-termux-float,https://www.github.com/termux/termux-float.git
capitoledulibre-cdl-companion-android,https://www.github.com/capitoledulibre/cdl-companion-android.git
gjedeer-mylocation,https://www.github.com/gjedeer/mylocation.git
SecUSo-privacy-friendly-shopping-list,https://www.github.com/SecUSo/privacy-friendly-shopping-list.git
vanilla-music-vanilla-music-cover-fetch,https://www.github.com/vanilla-music/vanilla-music-cover-fetch.git
scoute-dich-K9-MailClient,https://www.github.com/scoute-dich/K9-MailClient.git
veniosg-Dir,https://www.github.com/veniosg/Dir.git
greenaddress-GreenBits,https://www.github.com/greenaddress/GreenBits.git
flyve-mdm-android-inventory-agent-,https://www.github.com/flyve-mdm/android-inventory-agent/.git
marunjar-anewjkuapp,https://www.github.com/marunjar/anewjkuapp.git
anselm94-Torchie-Android,https://www.github.com/anselm94/Torchie-Android.git
WangDaYeeeeee-Mysplash,https://www.github.com/WangDaYeeeeee/Mysplash.git
DecentralizedAmateurPagingNetwork-DAPNETApp,https://www.github.com/DecentralizedAmateurPagingNetwork/DAPNETApp.git
butzist-ActivityLauncher,https://www.github.com/butzist/ActivityLauncher.git
francescosoave-TIS_android,https://www.github.com/francescosoave/TIS_android.git
tranquvis-SimpleSmsRemote,https://www.github.com/tranquvis/SimpleSmsRemote.git
RyuzakiKK-NoteCrypt,https://www.github.com/RyuzakiKK/NoteCrypt.git
h42i-d00r-app,https://www.github.com/h42i/d00r-app.git
westnordost-StreetComplete,https://www.github.com/westnordost/StreetComplete.git
linuxtage-glt-companion,https://www.github.com/linuxtage/glt-companion.git
gentlecat-Simple-Counter-,https://www.github.com/gentlecat/Simple-Counter/.git
thuryn-your-local-weather,https://www.github.com/thuryn/your-local-weather.git
abrensch-brouter,https://www.github.com/abrensch/brouter.git
reloZid-android-anuto,https://www.github.com/reloZid/android-anuto.git
VREMSoftwareDevelopment-WifiAnalyzer,https://www.github.com/VREMSoftwareDevelopment/WifiAnalyzer.git
domogik-domodroid,https://www.github.com/domogik/domodroid.git
mikifus-padland,https://www.github.com/mikifus/padland.git
Sensirion-SmartGadget-Android,https://www.github.com/Sensirion/SmartGadget-Android.git
TobiasBielefeld-Simple-Solitaire,https://www.github.com/TobiasBielefeld/Simple-Solitaire.git
kaputnikGo-LittleSirEcho,https://www.github.com/kaputnikGo/LittleSirEcho.git
meefik-busybox,https://www.github.com/meefik/busybox.git
SufficientlySecure-calendar-import-export,https://www.github.com/SufficientlySecure/calendar-import-export.git
vanilla-music-vanilla-music-tag-editor,https://www.github.com/vanilla-music/vanilla-music-tag-editor.git
openintents-shoppinglist,https://www.github.com/openintents/shoppinglist.git
rootkiwi-an2linuxclient,https://www.github.com/rootkiwi/an2linuxclient.git
janoliver-pOT-Droid,https://www.github.com/janoliver/pOT-Droid.git
shlusiak-Freebloks-Android,https://www.github.com/shlusiak/Freebloks-Android.git
rdoeffinger-Dictionary,https://www.github.com/rdoeffinger/Dictionary.git
brarcher-rental-calc,https://www.github.com/brarcher/rental-calc.git
vitas-beaconloc,https://www.github.com/vitas/beaconloc.git
dimtion-Shaarlier,https://www.github.com/dimtion/Shaarlier.git
hypeapps-Endoscope,https://www.github.com/hypeapps/Endoscope.git
quaap-PhoneFoneFun,https://www.github.com/quaap/PhoneFoneFun.git
ccrama-Slide,https://www.github.com/ccrama/Slide.git
afollestad-nock-nock,https://www.github.com/afollestad/nock-nock.git
raphaelm-c3nav-android-,https://www.github.com/raphaelm/c3nav-android/.git
nerzhul-ownCloud-SMS-App,https://www.github.com/nerzhul/ownCloud-SMS-App.git
aragaer-jtt_android,https://www.github.com/aragaer/jtt_android.git
openfoodfacts-openfoodfacts-androidapp,https://www.github.com/openfoodfacts/openfoodfacts-androidapp.git
vector-im-riot-android,https://www.github.com/vector-im/riot-android.git
ScreamingHawk-fate-sheets,https://www.github.com/ScreamingHawk/fate-sheets.git
termux-termux-tasker,https://www.github.com/termux/termux-tasker.git
mikljohansson-retroboy,https://www.github.com/mikljohansson/retroboy.git
vuze-vuze-remote-for-android,https://www.github.com/vuze/vuze-remote-for-android.git
genonbeta-TrebleShot,https://www.github.com/genonbeta/TrebleShot.git
ciubex-dscautorename,https://www.github.com/ciubex/dscautorename.git
vanilla-music-vanilla-music-lyrics-search,https://www.github.com/vanilla-music/vanilla-music-lyrics-search.git
y20k-trackbook,https://www.github.com/y20k/trackbook.git
stom79-mastalab,https://www.github.com/stom79/mastalab.git
quaap-BookyMcBookface,https://www.github.com/quaap/BookyMcBookface.git
nextcloud-android,https://www.github.com/nextcloud/android.git
no-go-AnotherRSS,https://www.github.com/no-go/AnotherRSS.git
axxapy-apkExtractor,https://www.github.com/axxapy/apkExtractor.git
rascarlo-AURdroid,https://www.github.com/rascarlo/AURdroid.git
bpeel-prevo,https://www.github.com/bpeel/prevo.git
scoute-dich-Weather,https://www.github.com/scoute-dich/Weather.git
no-go-TextThing,https://www.github.com/no-go/TextThing.git
takke-DataStats,https://www.github.com/takke/DataStats.git
trezor-trezor-android,https://www.github.com/trezor/trezor-android.git
GunshipPenguin-open_flood,https://www.github.com/GunshipPenguin/open_flood.git
cgogolin-library,https://www.github.com/cgogolin/library.git
nilesr-United4,https://www.github.com/nilesr/United4.git
TTTDevs-NextCloudBookmarksAndroid,https://www.github.com/TTTDevs/NextCloudBookmarksAndroid.git
tjg1-nori,https://www.github.com/tjg1/nori.git
metinkale38-namaz-vakti-android,https://www.github.com/metinkale38/namaz-vakti-android.git
SecUSo-privacy-friendly-memo-game,https://www.github.com/SecUSo/privacy-friendly-memo-game.git
mo271-guessaday,https://www.github.com/mo271/guessaday.git
theScrabi-OCBookmarks,https://www.github.com/theScrabi/OCBookmarks.git
souch-SMP,https://www.github.com/souch/SMP.git
SecUSo-privacy-friendly-passwordgenerator,https://www.github.com/SecUSo/privacy-friendly-passwordgenerator.git
theScrabi-Terminightor,https://www.github.com/theScrabi/Terminightor.git
aario-killcamera,https://www.github.com/aario/killcamera.git
gateship-one-odyssey,https://www.github.com/gateship-one/odyssey.git
owncloud-android-,https://www.github.com/owncloud/android/.git
jatwigg-cmus-android-remote,https://www.github.com/jatwigg/cmus-android-remote.git
proninyaroslav-libretorrent,https://www.github.com/proninyaroslav/libretorrent.git
stefan-niedermann-nextcloud-notes,https://www.github.com/stefan-niedermann/nextcloud-notes.git
chaosdorf-meteroid,https://www.github.com/chaosdorf/meteroid.git
js-labs-ShellsMP,https://www.github.com/js-labs/ShellsMP.git
SecUSo-privacy-friendly-sudoku,https://www.github.com/SecUSo/privacy-friendly-sudoku.git
vackosar-search-based-launcher-,https://www.github.com/vackosar/search-based-launcher/.git
brarcher-loyalty-card-locker,https://www.github.com/brarcher/loyalty-card-locker.git
PowerInside-syncplayer,https://www.github.com/PowerInside/syncplayer.git
httpdispatch-MissedNotificationsReminder,https://www.github.com/httpdispatch/MissedNotificationsReminder.git
rignaneseleo-SlimSocial-for-Facebook,https://www.github.com/rignaneseleo/SlimSocial-for-Facebook.git
xbmc-Kore,https://www.github.com/xbmc/Kore.git
schnatterer-nusic,https://www.github.com/schnatterer/nusic.git
tejado-Authorizer,https://www.github.com/tejado/Authorizer.git
CityZenApp-Android-Development,https://www.github.com/CityZenApp/Android-Development.git
franciscofranco-Simple-Reboot-app,https://www.github.com/franciscofranco/Simple-Reboot-app.git
mosmetro-android-mosmetro-android,https://www.github.com/mosmetro-android/mosmetro-android.git
vishesh-sealnote,https://www.github.com/vishesh/sealnote.git
openfoodfacts-openfoodfacts-androidapp,https://www.github.com/openfoodfacts/openfoodfacts-androidapp.git
jonan-ForkHub,https://www.github.com/jonan/ForkHub.git
biylda-WhereYouGo,https://www.github.com/biylda/WhereYouGo.git
wizmer-syncorg,https://www.github.com/wizmer/syncorg.git
asnelt-derandom,https://www.github.com/asnelt/derandom.git
manuelsc-Lunary-Ethereum-Wallet,https://www.github.com/manuelsc/Lunary-Ethereum-Wallet.git
etesync-android,https://www.github.com/etesync/android.git
graham22-Classic,https://www.github.com/graham22/Classic.git
VladThodo-behe-keyboard,https://www.github.com/VladThodo/behe-keyboard.git
ndleyton-OneTwo,https://www.github.com/ndleyton/OneTwo.git
alaskalinuxuser-app_justnotes,https://www.github.com/alaskalinuxuser/app_justnotes.git
42SK-TVKILL,https://www.github.com/42SK/TVKILL.git
lexica-lexica,https://www.github.com/lexica/lexica.git
openintents-flashlight,https://www.github.com/openintents/flashlight.git
farmerbb-Taskbar,https://www.github.com/farmerbb/Taskbar.git
citiususc-calendula,https://www.github.com/citiususc/calendula.git
no-go-ViboraFeed,https://www.github.com/no-go/ViboraFeed.git
EXL-Snooder21,https://www.github.com/EXL/Snooder21.git
jonasoreland-runnerup-,https://www.github.com/jonasoreland/runnerup/.git
microg-android_packages_apps_UnifiedNlp,https://www.github.com/microg/android_packages_apps_UnifiedNlp.git
brarcher-gift-card-guard,https://www.github.com/brarcher/gift-card-guard.git
Kestutis-Z-World-Weather,https://www.github.com/Kestutis-Z/World-Weather.git
dkim0419-SoundRecorder,https://www.github.com/dkim0419/SoundRecorder.git
seizonsenryaku-HayaiLauncher,https://www.github.com/seizonsenryaku/HayaiLauncher.git
segler-alex-RadioDroid,https://www.github.com/segler-alex/RadioDroid.git
fython-Blackbulb,https://www.github.com/fython/Blackbulb.git
fossasia-open-event-android,https://www.github.com/fossasia/open-event-android.git
aravindsagar-ScreenShift,https://www.github.com/aravindsagar/ScreenShift.git
openfoodfacts-openfoodfacts-androidapp,https://www.github.com/openfoodfacts/openfoodfacts-androidapp.git
milesmcc-LibreNews-Android,https://www.github.com/milesmcc/LibreNews-Android.git
CriticalMaps-criticalmaps-android,https://www.github.com/CriticalMaps/criticalmaps-android.git
gsantner-kimai-android,https://www.github.com/gsantner/kimai-android.git
theScrabi-OCBookmarks,https://www.github.com/theScrabi/OCBookmarks.git
termux-termux-api,https://www.github.com/termux/termux-api.git
scoute-dich-Sieben,https://www.github.com/scoute-dich/Sieben.git
gstraube-cythara,https://www.github.com/gstraube/cythara.git
markusfisch-ShaderEditor,https://www.github.com/markusfisch/ShaderEditor.git
LukeStonehm-LogicalDefence,https://www.github.com/LukeStonehm/LogicalDefence.git
alijc-CricketsAlarm,https://www.github.com/alijc/CricketsAlarm.git
durka-HallMonitor,https://www.github.com/durka/HallMonitor.git
erickok-transdroid,https://www.github.com/erickok/transdroid.git
phunehehe-fooCam,https://www.github.com/phunehehe/fooCam.git
threedliteguy-UhLocationReportingService,https://www.github.com/threedliteguy/UhLocationReportingService.git
grote-BlitzMail,https://www.github.com/grote/BlitzMail.git
taky-effy,https://www.github.com/taky/effy.git
boztalay-PuppyFrame,https://www.github.com/boztalay/PuppyFrame.git
pejic-Summation,https://www.github.com/pejic/Summation.git
anupam1525-AcrylicPaint,https://www.github.com/anupam1525/AcrylicPaint.git
alt236-Android-Drawables---Android,https://www.github.com/alt236/Android-Drawables---Android.git
headrevision-BehatReporter,https://www.github.com/headrevision/BehatReporter.git
dynalogin-dynalogin-android,https://www.github.com/dynalogin/dynalogin-android.git
mathbellev-StdAtmosphere,https://www.github.com/mathbellev/StdAtmosphere.git
dnet-adsdroid,https://www.github.com/dnet/adsdroid.git
OEP-rainwave-android,https://www.github.com/OEP/rainwave-android.git
jufickel-rdt,https://www.github.com/jufickel/rdt.git
yuttadhammo-E-Tipitaka-for-Android,https://www.github.com/yuttadhammo/E-Tipitaka-for-Android.git
cbeyls-fosdem-companion-android,https://www.github.com/cbeyls/fosdem-companion-android.git
Smerty-zooborns.android,https://www.github.com/Smerty/zooborns.android.git
billthefarmer-tuner,https://www.github.com/billthefarmer/tuner.git
hgdev-ch-toposuite-android,https://www.github.com/hgdev-ch/toposuite-android.git
AndlyticsProject-andlytics,https://www.github.com/AndlyticsProject/andlytics.git
devonjones-PathfinderOpenReference,https://www.github.com/devonjones/PathfinderOpenReference.git
cmykola-Lexin,https://www.github.com/cmykola/Lexin.git
ZorgeR-nanoConverter,https://www.github.com/ZorgeR/nanoConverter.git
ValleZ-Paper-Wallet,https://www.github.com/ValleZ/Paper-Wallet.git
ojacquemart-vlilleChecker,https://www.github.com/ojacquemart/vlilleChecker.git
gwhiteside-abstract-art,https://www.github.com/gwhiteside/abstract-art.git
yhcting-netmbuddy,https://www.github.com/yhcting/netmbuddy.git
arifhn-nstools,https://www.github.com/arifhn/nstools.git
koelleChristian-trickytripper,https://www.github.com/koelleChristian/trickytripper.git
mjdenham-and-bible,https://www.github.com/mjdenham/and-bible.git
rafi-kamal-Bangla-Dictionary,https://www.github.com/rafi-kamal/Bangla-Dictionary.git
vx-connectbot,https://www.github.com/vx/connectbot.git
irssiconnectbot-irssiconnectbot,https://www.github.com/irssiconnectbot/irssiconnectbot.git
concentricsky-android-viewer-for-khan-academy,https://www.github.com/concentricsky/android-viewer-for-khan-academy.git
chemicalappspace-Isotopes,https://www.github.com/chemicalappspace/Isotopes.git
xgouchet-Ted,https://www.github.com/xgouchet/Ted.git
DocSalvi-LinuxDayAppAndroid,https://www.github.com/DocSalvi/LinuxDayAppAndroid.git
yourealwaysbe-teacup,https://www.github.com/yourealwaysbe/teacup.git
QuantumBadger-RedReader,https://www.github.com/QuantumBadger/RedReader.git
klassm-andFHEM,https://www.github.com/klassm/andFHEM.git
ultramega-elementary,https://www.github.com/ultramega/elementary.git
slapperwan-gh4a,https://www.github.com/slapperwan/gh4a.git
romario333-opensudoku,https://www.github.com/romario333/opensudoku.git
qii-weiciyuan,https://www.github.com/qii/weiciyuan.git
czlee-debatekeeper,https://www.github.com/czlee/debatekeeper.git
mick88-filemanager,https://www.github.com/mick88/filemanager.git
ginkel-hashit,https://www.github.com/ginkel/hashit.git
bpellin-keepassdroid,https://www.github.com/bpellin/keepassdroid.git
LittleFox94-PGPAuth,https://www.github.com/LittleFox94/PGPAuth.git
maxfierke-sandwichroulette,https://www.github.com/maxfierke/sandwichroulette.git
j4velin-SystemAppMover,https://www.github.com/j4velin/SystemAppMover.git
andybotting-tramhunter,https://www.github.com/andybotting/tramhunter.git
danieloeh-AntennaPod,https://www.github.com/danieloeh/AntennaPod.git
aarddict-android,https://www.github.com/aarddict/android.git
nephoapp-anarxiv,https://www.github.com/nephoapp/anarxiv.git
geometer-FBReaderJ,https://www.github.com/geometer/FBReaderJ.git
Pansanel-cetoolbox,https://www.github.com/Pansanel/cetoolbox.git
feelinglucky-Presentation,https://www.github.com/feelinglucky/Presentation.git
open-keychain-open-keychain,https://www.github.com/open-keychain/open-keychain.git
ankidroid-Anki-Android,https://www.github.com/ankidroid/Anki-Android.git
fivasim-Antikythera-Simulation,https://www.github.com/fivasim/Antikythera-Simulation.git
Tyde-TuCanMobile,https://www.github.com/Tyde/TuCanMobile.git
dennischen-daily-money,https://www.github.com/dennischen/daily-money.git
hwki-SimpleBitcoinWidget,https://www.github.com/hwki/SimpleBitcoinWidget.git
zikalify-BMI_Calculator,https://www.github.com/zikalify/BMI_Calculator.git
roelb-Simple-C25K,https://www.github.com/roelb/Simple-C25K.git
yuttadhammo-BodhiTimer,https://www.github.com/yuttadhammo/BodhiTimer.git
yanchenko-droidparts-battery-widget,https://www.github.com/yanchenko/droidparts-battery-widget.git
lordi-tickmate,https://www.github.com/lordi/tickmate.git
dougkeen-BartRunnerAndroid,https://www.github.com/dougkeen/BartRunnerAndroid.git
ybonnel-TransportsRennes,https://www.github.com/ybonnel/TransportsRennes.git
danielme-com-Muspy-for-Android,https://www.github.com/danielme-com/Muspy-for-Android.git
zagaberoo-diode,https://www.github.com/zagaberoo/diode.git
monakhv-samlib-Info,https://www.github.com/monakhv/samlib-Info.git
jagossel-MovingPolygons,https://www.github.com/jagossel/MovingPolygons.git
plusonelabs-calendar-widget,https://www.github.com/plusonelabs/calendar-widget.git
alterechtschreibung-MonthCalendarWidget2FOSS,https://www.github.com/alterechtschreibung/MonthCalendarWidget2FOSS.git
illarionov-RtkGps,https://www.github.com/illarionov/RtkGps.git
asksven-BetterBatteryStats,https://www.github.com/asksven/BetterBatteryStats.git
bvalosek-cpuspy,https://www.github.com/bvalosek/cpuspy.git
sanbeg-flashlight,https://www.github.com/sanbeg/flashlight.git
intrications-intent-intercept,https://www.github.com/intrications/intent-intercept.git
mozilla-MozStumbler,https://www.github.com/mozilla/MozStumbler.git
domoritz-open-mensa-android,https://www.github.com/domoritz/open-mensa-android.git
OpenWatch-OpenWatch-Android,https://www.github.com/OpenWatch/OpenWatch-Android.git
cybro-PalmCalc,https://www.github.com/cybro/PalmCalc.git
xargsgrep-PortKnocker,https://www.github.com/xargsgrep/PortKnocker.git
DamienOReilly-PrepayCredit,https://www.github.com/DamienOReilly/PrepayCredit.git
wolpi-prim-ftpd,https://www.github.com/wolpi/prim-ftpd.git
lpar-RPN,https://www.github.com/lpar/RPN.git
mportuesisf-ScreenInfo,https://www.github.com/mportuesisf/ScreenInfo.git
gokhanmoral-STweaks,https://www.github.com/gokhanmoral/STweaks.git
Vilbrekin-tinc_gui,https://www.github.com/Vilbrekin/tinc_gui.git
adrian-upm-android,https://www.github.com/adrian/upm-android.git
mafrosis-Wake-On-Lan,https://www.github.com/mafrosis/Wake-On-Lan.git
MiCode-FileExplorer,https://www.github.com/MiCode/FileExplorer.git
ambrice-timesheet,https://www.github.com/ambrice/timesheet.git
daryldy-Heart,https://www.github.com/daryldy/Heart.git
onyxbits-pocketbandit,https://www.github.com/onyxbits/pocketbandit.git
thialfihar-apg,https://www.github.com/thialfihar/apg.git
cernekee-ics-openconnect,https://www.github.com/cernekee/ics-openconnect.git
raphaelm-opacclient,https://www.github.com/raphaelm/opacclient.git
cgeo-c-geo-opensource,https://www.github.com/cgeo/c-geo-opensource.git
inguin-moneybalance,https://www.github.com/inguin/moneybalance.git
mannd-epmobile,https://www.github.com/mannd/epmobile.git
phw-PicardBarcodeScanner,https://www.github.com/phw/PicardBarcodeScanner.git
manmal-hn-android,https://www.github.com/manmal/hn-android.git
ParanoidAndroid-android_packages_apps_ParanoidWallpapers,https://www.github.com/ParanoidAndroid/android_packages_apps_ParanoidWallpapers.git
romannurik-muzei,https://www.github.com/romannurik/muzei.git
MohammadAdib-RoundR,https://www.github.com/MohammadAdib/RoundR.git
eleybourn-Book-Catalogue,https://www.github.com/eleybourn/Book-Catalogue.git
ebraminio-DroidPersianCalendar,https://www.github.com/ebraminio/DroidPersianCalendar.git
azapps-mirakel-dashclock,https://www.github.com/azapps/mirakel-dashclock.git
dmfs-tasks,https://www.github.com/dmfs/tasks.git
mobilepearls-com.mobilepearls.sokoban,https://www.github.com/mobilepearls/com.mobilepearls.sokoban.git
SimonMarquis-Android-PreferencesManager,https://www.github.com/SimonMarquis/Android-PreferencesManager.git
jackpal-Android-Terminal-Emulator,https://www.github.com/jackpal/Android-Terminal-Emulator.git
AnySoftKeyboard-AnySoftKeyboard,https://www.github.com/AnySoftKeyboard/AnySoftKeyboard.git
asksven-BetterWifiOnOff,https://www.github.com/asksven/BetterWifiOnOff.git
adrian-bl-bl-battstatus-android,https://www.github.com/adrian-bl/bl-battstatus-android.git
nolanlawson-Catlog,https://www.github.com/nolanlawson/Catlog.git
uberspot-DebianDroid,https://www.github.com/uberspot/DebianDroid.git
f2prateek-Device-Frame-Generator,https://www.github.com/f2prateek/Device-Frame-Generator.git
kibab-encpasschanger,https://www.github.com/kibab/encpasschanger.git
namsor-gendreapp,https://www.github.com/namsor/gendreapp.git
nolanlawson-KeepScore,https://www.github.com/nolanlawson/KeepScore.git
msemm-Keypad-Mapper-3,https://www.github.com/msemm/Keypad-Mapper-3.git
hauckwill-linconnect-client,https://www.github.com/hauckwill/linconnect-client.git
onyxbits-listmyaps,https://www.github.com/onyxbits/listmyaps.git
dschuermann-ntp-sync,https://www.github.com/dschuermann/ntp-sync.git
eolwral-OSMonitor,https://www.github.com/eolwral/OSMonitor.git
jberkel-sms-backup-plus,https://www.github.com/jberkel/sms-backup-plus.git
momodalo-vimtouch,https://www.github.com/momodalo/vimtouch.git
Yubico-yubioath-android,https://www.github.com/Yubico/yubioath-android.git
jarofgreen-Just-A-Damn-Compass,https://www.github.com/jarofgreen/Just-A-Damn-Compass.git
nguillaumin-osmtracker-android,https://www.github.com/nguillaumin/osmtracker-android.git
Shahul3D-IndiaSatelliteWeather,https://www.github.com/Shahul3D/IndiaSatelliteWeather.git
iFixit-iFixitAndroid,https://www.github.com/iFixit/iFixitAndroid.git
grote-Liberario,https://www.github.com/grote/Liberario.git
daj-flashback,https://www.github.com/daj/flashback.git
k9mail-k-9,https://www.github.com/k9mail/k-9.git
joanpuigsanz-servdroid,https://www.github.com/joanpuigsanz/servdroid.git
ubergeek42-weechat-android,https://www.github.com/ubergeek42/weechat-android.git
TKJElectronics-BalanduinoAndroidApp,https://www.github.com/TKJElectronics/BalanduinoAndroidApp.git
withad-Mandelbrot-Maps-on-Android,https://www.github.com/withad/Mandelbrot-Maps-on-Android.git
nolanlawson-JapaneseNameConverterRoot,https://www.github.com/nolanlawson/JapaneseNameConverterRoot.git
ShaneQful-Jupiter-Broadcasting-Android-App,https://www.github.com/ShaneQful/Jupiter-Broadcasting-Android-App.git
veken0m-bitcoinium,https://www.github.com/veken0m/bitcoinium.git
codinguser-gnucash-android,https://www.github.com/codinguser/gnucash-android.git
mtotschnig-MyExpenses,https://www.github.com/mtotschnig/MyExpenses.git
bagilevi-android-pedometer,https://www.github.com/bagilevi/android-pedometer.git
ghackett-AppAlarm,https://www.github.com/ghackett/AppAlarm.git
ralphleon-TeaTimer,https://www.github.com/ralphleon/TeaTimer.git
wdkapps-FillUp,https://www.github.com/wdkapps/FillUp.git
nikclayton-android-squeezer,https://www.github.com/nikclayton/android-squeezer.git
MiCode-SoundRecorder,https://www.github.com/MiCode/SoundRecorder.git
daneren2005-Subsonic,https://www.github.com/daneren2005/Subsonic.git
billthefarmer-accordion,https://www.github.com/billthefarmer/accordion.git
micwallace-reddinator,https://www.github.com/micwallace/reddinator.git
ghisguth-blurred-lines-live,https://www.github.com/ghisguth/blurred-lines-live.git
PuZZleDucK-Orbital-Live-Wallpaper,https://www.github.com/PuZZleDucK/Orbital-Live-Wallpaper.git
netmackan-ATimeTracker,https://www.github.com/netmackan/ATimeTracker.git
dschuermann-birthday-adapter,https://www.github.com/dschuermann/birthday-adapter.git
maxpower47-PinDroid,https://www.github.com/maxpower47/PinDroid.git
tinkerlog-PongTime,https://www.github.com/tinkerlog/PongTime.git
sismics-reader,https://www.github.com/sismics/reader.git
onyxbits-remotekeyboard,https://www.github.com/onyxbits/remotekeyboard.git
chibibi-simpleDeadlines,https://www.github.com/chibibi/simpleDeadlines.git
uberspot-2048-android,https://www.github.com/uberspot/2048-android.git
scoutant-blokish,https://www.github.com/scoutant/blokish.git
tsapree-L9Droid,https://www.github.com/tsapree/L9Droid.git
ukanth-afwall,https://www.github.com/ukanth/afwall.git
yuriykulikov-AlarmClock,https://www.github.com/yuriykulikov/AlarmClock.git
ilijamt-android-adbm,https://www.github.com/ilijamt/android-adbm.git
phw-Android-PwdHash,https://www.github.com/phw/Android-PwdHash.git
Sash0k-bluetooth-spp-terminal,https://www.github.com/Sash0k/bluetooth-spp-terminal.git
felixb-callmeter,https://www.github.com/felixb/callmeter.git
kaytdek-ColorNamer,https://www.github.com/kaytdek/ColorNamer.git
MiCode-Compass,https://www.github.com/MiCode/Compass.git
dschuermann-faster-gps,https://www.github.com/dschuermann/faster-gps.git
jakebasile-hearing-saver,https://www.github.com/jakebasile/hearing-saver.git
ikarus23-MifareClassicTool,https://www.github.com/ikarus23/MifareClassicTool.git
fixme-lausanne-MyHackerspace,https://www.github.com/fixme-lausanne/MyHackerspace.git
hrk-no-frills-cpu-classic,https://www.github.com/hrk/no-frills-cpu-classic.git
lkorth-screen-notifications,https://www.github.com/lkorth/screen-notifications.git
project-voodoo-simple_carrieriq_detector_app,https://www.github.com/project-voodoo/simple_carrieriq_detector_app.git
robert7k-sipswitch,https://www.github.com/robert7k/sipswitch.git
tananaev-traccar-client-android,https://www.github.com/tananaev/traccar-client-android.git
Softcatala-TraductorSoftcatalaAndroid,https://www.github.com/Softcatala/TraductorSoftcatalaAndroid.git
pilot51-voicenotify,https://www.github.com/pilot51/voicenotify.git
rahulaga-WorldClock,https://www.github.com/rahulaga/WorldClock.git
restorer-Gloomy-Dungeons-3D,https://www.github.com/restorer/Gloomy-Dungeons-3D.git
vocollapse-Blockinger,https://www.github.com/vocollapse/Blockinger.git
uberspot-AnagramSolver,https://www.github.com/uberspot/AnagramSolver.git
geometer-FBReaderJ-plugin-local-opds-scanner,https://www.github.com/geometer/FBReaderJ-plugin-local-opds-scanner.git
szym-barnacle,https://www.github.com/szym/barnacle.git
rigid-Birthdroid,https://www.github.com/rigid/Birthdroid.git
anthonycr-Lightning-Browser,https://www.github.com/anthonycr/Lightning-Browser.git
guardianproject-orweb,https://www.github.com/guardianproject/orweb.git
firetech-PactrackDroid,https://www.github.com/firetech/PactrackDroid.git
redsolution-xabber-android,https://www.github.com/redsolution/xabber-android.git
TCA-Team-TumCampusApp,https://www.github.com/TCA-Team/TumCampusApp.git
ge0rg-gamemasterdice,https://www.github.com/ge0rg/gamemasterdice.git
Xlythe-MinecraftClock,https://www.github.com/Xlythe/MinecraftClock.git
GiorgioRegni-Binaural-Beats,https://www.github.com/GiorgioRegni/Binaural-Beats.git
mehmetakiftutuncu-eshotroid,https://www.github.com/mehmetakiftutuncu/eshotroid.git
osmandapp-Osmand,https://www.github.com/osmandapp/Osmand.git
jpeddicord-speedofsound,https://www.github.com/jpeddicord/speedofsound.git
adrian-bl-vanilla,https://www.github.com/adrian-bl/vanilla.git
JesusFreke-Penroser,https://www.github.com/JesusFreke/Penroser.git
jruesga-PhotoPhase,https://www.github.com/jruesga/PhotoPhase.git
vomitcuddle-nori,https://www.github.com/vomitcuddle/nori.git
BrandroidTools-OpenExplorer,https://www.github.com/BrandroidTools/OpenExplorer.git
sudowars-sudowars,https://www.github.com/sudowars/sudowars.git
andstatus-andstatus,https://www.github.com/andstatus/andstatus.git
wordpress-mobile-WordPress-Android,https://www.github.com/wordpress-mobile/WordPress-Android.git
YerayAlonso-LligaIntermunicipal,https://www.github.com/YerayAlonso/LligaIntermunicipal.git
jecelyin-920-Text-Editor,https://www.github.com/jecelyin/920-Text-Editor.git
nexes-Android-File-Manager,https://www.github.com/nexes/Android-File-Manager.git
fmetzger-android-sensorium,https://www.github.com/fmetzger/android-sensorium.git
ksksue-Android-USB-Serial-Monitor-Lite,https://www.github.com/ksksue/Android-USB-Serial-Monitor-Lite.git
litrik-be.norio.randomapp,https://www.github.com/litrik/be.norio.randomapp.git
tillwoerner-BrightnessWidget,https://www.github.com/tillwoerner/BrightnessWidget.git
jochem88-clean-calculator,https://www.github.com/jochem88/clean-calculator.git
pejic-EasyDice,https://www.github.com/pejic/EasyDice.git
herrlado-GeorgianFonts,https://www.github.com/herrlado/GeorgianFonts.git
borneq-HereGPSLocation,https://www.github.com/borneq/HereGPSLocation.git
mtotschnig-SendWithFtp,https://www.github.com/mtotschnig/SendWithFtp.git
onyxbits-sensorreadout,https://www.github.com/onyxbits/sensorreadout.git
Buttink-sick-stache,https://www.github.com/Buttink/sick-stache.git
koush-Superuser,https://www.github.com/koush/Superuser.git
wiglenet-wigle-wifi-wardriving,https://www.github.com/wiglenet/wigle-wifi-wardriving.git
sozialhelden-wheelmap-android,https://www.github.com/sozialhelden/wheelmap-android.git
MazeChaZer-WoT-Tank-Quiz,https://www.github.com/MazeChaZer/WoT-Tank-Quiz.git
john-tornblom-TVHGuide,https://www.github.com/john-tornblom/TVHGuide.git
dozingcat-Vector-Pinball,https://www.github.com/dozingcat/Vector-Pinball.git
geometer-FBReaderJ-plugin-tts,https://www.github.com/geometer/FBReaderJ-plugin-tts.git
gregko-TtsPlus-FBReader,https://www.github.com/gregko/TtsPlus-FBReader.git
robotmedia-droid-comic-viewer,https://www.github.com/robotmedia/droid-comic-viewer.git
softgearko-MultiPing-for-Android,https://www.github.com/softgearko/MultiPing-for-Android.git
Anasthase-TintBrowserAdblockAddon,https://www.github.com/Anasthase/TintBrowserAdblockAddon.git
pocmo-Yaaic,https://www.github.com/pocmo/Yaaic.git
ge0rg-yaxim,https://www.github.com/ge0rg/yaxim.git
liato-android-bankdroid,https://www.github.com/liato/android-bankdroid.git
niteshpatel-ministocks,https://www.github.com/niteshpatel/ministocks.git
mboesling-HydroMemo,https://www.github.com/mboesling/HydroMemo.git
zxing-zxing,https://www.github.com/zxing/zxing.git
bherrmann7-Car-Cast,https://www.github.com/bherrmann7/Car-Cast.git
billthefarmer-melodeon,https://www.github.com/billthefarmer/melodeon.git
tobykurien-GoogleNews,https://www.github.com/tobykurien/GoogleNews.git
SimonMarquis-Android-SecretCodes,https://www.github.com/SimonMarquis/Android-SecretCodes.git
marin-liovic-Fast-Brightness-Control-Widget,https://www.github.com/marin-liovic/Fast-Brightness-Control-Widget.git
lllllT-MultiPictureLiveWallpaper,https://www.github.com/lllllT/MultiPictureLiveWallpaper.git
dozingcat-AsciiCam,https://www.github.com/dozingcat/AsciiCam.git
lightbox-QuickSnap,https://www.github.com/lightbox/QuickSnap.git
duncanje-android-open-wifi-network-remover,https://www.github.com/duncanje/android-open-wifi-network-remover.git
acl33-AndroidDasher,https://www.github.com/acl33/AndroidDasher.git
MirakelX-mirakel-android,https://www.github.com/MirakelX/mirakel-android.git
sukso96100-SidePanel,https://www.github.com/sukso96100/SidePanel.git
paulmach-Text-Edit-for-Android,https://www.github.com/paulmach/Text-Edit-for-Android.git
jamienicol-episodes,https://www.github.com/jamienicol/episodes.git
velazcod-Tinfoil-Facebook,https://www.github.com/velazcod/Tinfoil-Facebook.git
moparisthebest-AppBak,https://www.github.com/moparisthebest/AppBak.git
lllllT-AtmosphereLogger,https://www.github.com/lllllT/AtmosphereLogger.git
guardianproject-cacert,https://www.github.com/guardianproject/cacert.git
Smerty-ham.android,https://www.github.com/Smerty/ham.android.git
abcdjdj-RootVerifier-APP,https://www.github.com/abcdjdj/RootVerifier-APP.git
sheimi-SGit,https://www.github.com/sheimi/SGit.git
vmihalachi-turbo-editor,https://www.github.com/vmihalachi/turbo-editor.git
j4velin-WiFi-Auto-Off,https://www.github.com/j4velin/WiFi-Auto-Off.git
hmrocha-wifiwidget,https://www.github.com/hmrocha/wifiwidget.git
Chluverman-android-gltron,https://www.github.com/Chluverman/android-gltron.git
niparasc-papanikolis-submarine,https://www.github.com/niparasc/papanikolis-submarine.git
TomTasche-OpenDocument.droid,https://www.github.com/TomTasche/OpenDocument.droid.git
balesz-android-WebSearch,https://www.github.com/balesz/android-WebSearch.git
guardianproject-Gibberbot,https://www.github.com/guardianproject/Gibberbot.git
mateusz-szafraniec-NFCTagmaker,https://www.github.com/mateusz-szafraniec/NFCTagmaker.git
Anasthase-TintBrowser,https://www.github.com/Anasthase/TintBrowser.git
rorist-Cowsay-android,https://www.github.com/rorist/Cowsay-android.git
F0x06-EddyMalou,https://www.github.com/F0x06/EddyMalou.git
gsingh93-hacker-live-wallpaper,https://www.github.com/gsingh93/hacker-live-wallpaper.git
schildbach-bitcoin-wallet,https://www.github.com/schildbach/bitcoin-wallet.git
notriddle-budget-envelopes,https://www.github.com/notriddle/budget-envelopes.git
mancio-Volume-Control,https://www.github.com/mancio/Volume-Control.git
shakalaca-BeautyClockLiveWallpaper,https://www.github.com/shakalaca/BeautyClockLiveWallpaper.git
umanx-DashNotifier,https://www.github.com/umanx/DashNotifier.git
AChep-JellyBeanClock,https://www.github.com/AChep/JellyBeanClock.git
msal-muzei-nationalgeographic,https://www.github.com/msal/muzei-nationalgeographic.git
rjmarsan-Pixelesque,https://www.github.com/rjmarsan/Pixelesque.git
hsaito-hstempo_android,https://www.github.com/hsaito/hstempo_android.git
dschuermann-document-viewer,https://www.github.com/dschuermann/document-viewer.git
dschuermann-standalone-calendar,https://www.github.com/dschuermann/standalone-calendar.git
StanLivitski-n-puzzle,https://www.github.com/StanLivitski/n-puzzle.git
onyxbits-TextFiction,https://www.github.com/onyxbits/TextFiction.git
AnimaSA-Atarashii,https://www.github.com/AnimaSA/Atarashii.git
loadrunner-Facebook-Contact-Sync,https://www.github.com/loadrunner/Facebook-Contact-Sync.git
kromonos-Mustard-Mod,https://www.github.com/kromonos/Mustard-Mod.git
MohammadAG-android-file-beam,https://www.github.com/MohammadAG/android-file-beam.git
scar45-aokp-co-webviewer,https://www.github.com/scar45/aokp-co-webviewer.git
hmrocha-batterywidget,https://www.github.com/hmrocha/batterywidget.git
zaren678-Hdhomerun-signal-meter,https://www.github.com/zaren678/Hdhomerun-signal-meter.git
mborjesson-LG-Optimus-2X-Black-Notifications,https://www.github.com/mborjesson/LG-Optimus-2X-Black-Notifications.git
Mobiperf-MobiPerf,https://www.github.com/Mobiperf/MobiPerf.git
SpazeDog-mounts2sd,https://www.github.com/SpazeDog/mounts2sd.git
felixb-otpdroid,https://www.github.com/felixb/otpdroid.git
mvglasow-satstat,https://www.github.com/mvglasow/satstat.git
cprados-wifimatic-android,https://www.github.com/cprados/wifimatic-android.git
mendhak-gpslogger,https://www.github.com/mendhak/gpslogger.git
NightWhistler-PageTurner,https://www.github.com/NightWhistler/PageTurner.git
HoloAddict-FeedEx,https://www.github.com/HoloAddict/FeedEx.git
Kent1-Manille,https://www.github.com/Kent1/Manille.git
felixb-smsdroid,https://www.github.com/felixb/smsdroid.git
ushahidi-SMSSync,https://www.github.com/ushahidi/SMSSync.git
wrr-speech_trainer,https://www.github.com/wrr/speech_trainer.git
cr5315-countdown-for-dashclock,https://www.github.com/cr5315/countdown-for-dashclock.git
dozingcat-CamTimer,https://www.github.com/dozingcat/CamTimer.git
dsoulayrol-android-sholi,https://www.github.com/dsoulayrol/android-sholi.git
edsonduarte1990-reminders,https://www.github.com/edsonduarte1990/reminders.git
dpadgett-Timer,https://www.github.com/dpadgett/Timer.git
chrispbailey-ToDo-List-Widget,https://www.github.com/chrispbailey/ToDo-List-Widget.git
brosmike-AirPush-Detector,https://www.github.com/brosmike/AirPush-Detector.git
tasermonkey-android-passwordmaker,https://www.github.com/tasermonkey/android-passwordmaker.git
tstein-AndroSS,https://www.github.com/tstein/AndroSS.git
janosgyerik-bluetoothviewer,https://www.github.com/janosgyerik/bluetoothviewer.git
wanleung-ChangjieIME,https://www.github.com/wanleung/ChangjieIME.git
easytiger-dotty,https://www.github.com/easytiger/dotty.git
project-voodoo-ota-rootkeeper-app,https://www.github.com/project-voodoo/ota-rootkeeper-app.git
jerickson314-sdscanner,https://www.github.com/jerickson314/sdscanner.git
alt236-USB-Device-Info---Android,https://www.github.com/alt236/USB-Device-Info---Android.git
onyxbits-geobookmark,https://www.github.com/onyxbits/geobookmark.git
mdecorde-BAC76,https://www.github.com/mdecorde/BAC76.git
trishika-DroidUPnP,https://www.github.com/trishika/DroidUPnP.git
intervigilium-MicDroid,https://www.github.com/intervigilium/MicDroid.git
mateuszbuda-ThermometerExtended2,https://www.github.com/mateuszbuda/ThermometerExtended2.git
xenris-liquid-wars-android,https://www.github.com/xenris/liquid-wars-android.git
jfreax-OpenLaw,https://www.github.com/jfreax/OpenLaw.git
DizzyThermal-Auto-Away,https://www.github.com/DizzyThermal/Auto-Away.git
guardianproject-PixelKnot,https://www.github.com/guardianproject/PixelKnot.git
awaken-sanity,https://www.github.com/awaken/sanity.git
NewProggie-SparkleShare-Android,https://www.github.com/NewProggie/SparkleShare-Android.git
johnnylambada-WorldMap,https://www.github.com/johnnylambada/WorldMap.git
banasiak-CoinFlip,https://www.github.com/banasiak/CoinFlip.git
prismsw-Lampshade,https://www.github.com/prismsw/Lampshade.git
teamOSC-SubtleNews_Android_App,https://www.github.com/teamOSC/SubtleNews_Android_App.git
budowski-budoist,https://www.github.com/budowski/budoist.git
weisserd-LDAP-Sync,https://www.github.com/weisserd/LDAP-Sync.git
teneighty-moss,https://www.github.com/teneighty/moss.git
yankovskiy-SilentNight,https://www.github.com/yankovskiy/SilentNight.git
indrora-Atomic,https://www.github.com/indrora/Atomic.git
tobykurien-BatteryFu,https://www.github.com/tobykurien/BatteryFu.git
jyio-botbrew-gui,https://www.github.com/jyio/botbrew-gui.git
felixb-clipboard-beam,https://www.github.com/felixb/clipboard-beam.git
blaztriglav-did-i,https://www.github.com/blaztriglav/did-i.git
palfrey-postcode,https://www.github.com/palfrey/postcode.git
pyload-pyload-android,https://www.github.com/pyload/pyload-android.git
Nutomic-control-dlna,https://www.github.com/Nutomic/control-dlna.git
emergentdotorg-shaman,https://www.github.com/emergentdotorg/shaman.git
cketti-DashClock_K-9,https://www.github.com/cketti/DashClock_K-9.git
timvdalen-gizmooi,https://www.github.com/timvdalen/gizmooi.git
gggard-AndroidCaldavSyncAdapater,https://www.github.com/gggard/AndroidCaldavSyncAdapater.git
nfd-KeePassNFC,https://www.github.com/nfd/KeePassNFC.git
matburt-mobileorg-android,https://www.github.com/matburt/mobileorg-android.git
losttime-cooper,https://www.github.com/losttime/cooper.git
miracle2k-android-autostarts,https://www.github.com/miracle2k/android-autostarts.git
pires-android-obd-reader,https://www.github.com/pires/android-obd-reader.git
rmtheis-android-ocr,https://www.github.com/rmtheis/android-ocr.git
adrian-bl-APN-Switch,https://www.github.com/adrian-bl/APN-Switch.git
flyingrub-SpeedMeter,https://www.github.com/flyingrub/SpeedMeter.git
mariotaku-twidere.extension.twitlonger,https://www.github.com/mariotaku/twidere.extension.twitlonger.git
Zanshinmu-Wifi-Fixer,https://www.github.com/Zanshinmu/Wifi-Fixer.git
freezy-android-xbmcremote,https://www.github.com/freezy/android-xbmcremote.git
btmura-rbb,https://www.github.com/btmura/rbb.git
MarcDufresne-BetterWeather,https://www.github.com/MarcDufresne/BetterWeather.git
indication-OpenRedmine,https://www.github.com/indication/OpenRedmine.git
MaTachi-geometri-destroyer,https://www.github.com/MaTachi/geometri-destroyer.git
awilliams-fish,https://www.github.com/awilliams/fish.git
nathanpc-Build.prop-Editor,https://www.github.com/nathanpc/Build.prop-Editor.git
Nilhcem-hosts-editor-android,https://www.github.com/Nilhcem/hosts-editor-android.git
elek-osmgpxuploader,https://www.github.com/elek/osmgpxuploader.git
ShowMeHills-ShowMeHills,https://www.github.com/ShowMeHills/ShowMeHills.git
prrt714-Kaleidoscope,https://www.github.com/prrt714/Kaleidoscope.git
logomancer-dashquotes-civ5,https://www.github.com/logomancer/dashquotes-civ5.git
onyxbits-Drudgery,https://www.github.com/onyxbits/Drudgery.git
amiga-sonorox,https://www.github.com/amiga/sonorox.git
jurihock-voicesmith,https://www.github.com/jurihock/voicesmith.git
markusfisch-WaveLinesWallpaper,https://www.github.com/markusfisch/WaveLinesWallpaper.git
voidcode-Diaspora-Webclient,https://www.github.com/voidcode/Diaspora-Webclient.git
sweetiepiggy-Every-Locale,https://www.github.com/sweetiepiggy/Every-Locale.git
codebutler-farebot,https://www.github.com/codebutler/farebot.git
guardianproject-gnupg-for-android,https://www.github.com/guardianproject/gnupg-for-android.git
atd-HandyNotes,https://www.github.com/atd/HandyNotes.git
guardianproject-lildebi,https://www.github.com/guardianproject/lildebi.git
nadam-nfc-reader,https://www.github.com/nadam/nfc-reader.git
xenotropic-quizzn,https://www.github.com/xenotropic/quizzn.git
chaosbastler-opentraining,https://www.github.com/chaosbastler/opentraining.git
telecapoland-jamendo-android,https://www.github.com/telecapoland/jamendo-android.git
thasmin-Podax,https://www.github.com/thasmin/Podax.git
clementine-player-Android-Remote,https://www.github.com/clementine-player/Android-Remote.git
danielegobbetti-ICSImport,https://www.github.com/danielegobbetti/ICSImport.git
ajaapps-flightmode,https://www.github.com/ajaapps/flightmode.git
cglapa-rights-alert,https://www.github.com/cglapa/rights-alert.git
zaki50-MemoPad,https://www.github.com/zaki50/MemoPad.git
rtyley-agit,https://www.github.com/rtyley/agit.git
baolongnt-EmailPopup,https://www.github.com/baolongnt/EmailPopup.git
opentelecoms-org-lumicall,https://www.github.com/opentelecoms-org/lumicall.git
lablogga-DIYgenomics_Android,https://www.github.com/lablogga/DIYgenomics_Android.git
Kaljurand-Diktofon,https://www.github.com/Kaljurand/Diktofon.git
SASAbus-SASAbus,https://www.github.com/SASAbus/SASAbus.git
guardianproject-notecipher,https://www.github.com/guardianproject/notecipher.git
anthonydahanne-ReGalAndroid,https://www.github.com/anthonydahanne/ReGalAndroid.git
threedliteguy-urforms,https://www.github.com/threedliteguy/urforms.git
nolanlawson-ChordReaderRoot,https://www.github.com/nolanlawson/ChordReaderRoot.git
boombuler-piraten_map_app,https://www.github.com/boombuler/piraten_map_app.git
soft-studio-NFC_DriversLicenseReader,https://www.github.com/soft-studio/NFC_DriversLicenseReader.git
moparisthebest-PagePlusBalance,https://www.github.com/moparisthebest/PagePlusBalance.git
tom-and-jerry-eyeCam,https://www.github.com/tom-and-jerry/eyeCam.git
NightlyNexus-Color-Clock,https://www.github.com/NightlyNexus/Color-Clock.git
ajlyon-zandy,https://www.github.com/ajlyon/zandy.git
nicolas-raoul-OxygenGuide-Android,https://www.github.com/nicolas-raoul/OxygenGuide-Android.git
pettarin-epub3reader,https://www.github.com/pettarin/epub3reader.git
Xlythe-HexGame_Android,https://www.github.com/Xlythe/HexGame_Android.git
talklittle-reddit-is-fun,https://www.github.com/talklittle/reddit-is-fun.git
wallabag-android-app,https://www.github.com/wallabag/android-app.git
oschina-android-app,https://www.github.com/oschina/android-app.git
mconf-sipdroid,https://www.github.com/mconf/sipdroid.git
sagemath-android,https://www.github.com/sagemath/android.git
owncloud-android,https://www.github.com/owncloud/android.git
justin66-MyTracks,https://www.github.com/justin66/MyTracks.git
github-android,https://www.github.com/github/android.git
cyclestreets-android,https://www.github.com/cyclestreets/android.git
felixb-websms,https://www.github.com/felixb/websms.git
osmdroid-osmdroid,https://www.github.com/osmdroid/osmdroid.git
skhang-appsorganizer,https://www.github.com/skhang/appsorganizer.git
WeAreFairphone-FP2-Launcher,https://github.com/WeAreFairphone/FP2-Launcher.git
d4rken-reddit-android-appstore,https://github.com/d4rken/reddit-android-appstore.git
LonamiWebs-Klooni1010,https://github.com/LonamiWebs/Klooni1010.git
tuxmobil-CampFahrplan,https://github.com/tuxmobil/CampFahrplan.git
ligi-CampFahrplan,https://github.com/ligi/CampFahrplan.git
ligi-SCR,https://github.com/ligi/SCR.git
eqvinox-wifisetup,https://github.com/eqvinox/wifisetup.git
EventFahrplan-EventFahrplan,https://github.com/EventFahrplan/EventFahrplan.git
k3b-APhotoManager,https://github.com/k3b/APhotoManager.git
jroal-a2dpvolume,https://github.com/jroal/a2dpvolume.git
bailuk-AAT,https://github.com/bailuk/AAT.git
valerio-bozzolan-AcrylicPaint,https://github.com/valerio-bozzolan/AcrylicPaint.git
ramack-ActivityDiary,https://github.com/ramack/ActivityDiary.git
abertschi-ad-free,https://github.com/abertschi/ad-free.git
AdAway-AdAway,https://github.com/AdAway/AdAway.git
senzhk-ADBKeyBoard,https://github.com/senzhk/ADBKeyBoard.git
SubhamTyagi-dork-explore,https://github.com/SubhamTyagi/dork-explore.git
TheRedSpy15-LTECleanerFOSS,https://github.com/TheRedSpy15/LTECleanerFOSS.git
linux-colonel-AdminControl,https://github.com/linux-colonel/AdminControl.git
DanielBarnett714-AddressToGPS,https://github.com/DanielBarnett714/AddressToGPS.git
AdguardTeam-ContentBlocker,https://github.com/AdguardTeam/ContentBlocker.git
AnderWeb-android_packages_apps_Launcher,https://github.com/AnderWeb/android_packages_apps_Launcher.git
JanSvoboda-aeonsend-randomizer,https://github.com/JanSvoboda/aeonsend-randomizer.git
phora-AeonDroid,https://github.com/phora/AeonDroid.git
daktak-afh_downloader,https://github.com/daktak/afh_downloader.git
FreeRDP-FreeRDP,https://github.com/FreeRDP/FreeRDP.git
achromaticmetaphor-agram,https://github.com/achromaticmetaphor/agram.git
benjaminaigner-aiproute,https://github.com/benjaminaigner/aiproute.git
pinetum-AirUnlock-for-Android,https://github.com/pinetum/AirUnlock-for-Android.git
kraigs-android-kraigsandroid,https://github.com/kraigs-android/kraigsandroid.git
JiriSko-amixer-webui-android,https://github.com/JiriSko/amixer-webui-android.git
rosenpin-AlwaysOnDisplayAmoled,https://github.com/rosenpin/AlwaysOnDisplayAmoled.git
rosenpin-AlwaysOnAmoledPlugin,https://github.com/rosenpin/AlwaysOnAmoledPlugin.git
TeamAmaze-AmazeFileManager,https://github.com/TeamAmaze/AmazeFileManager.git
starryalley-AmbitSync,https://github.com/starryalley/AmbitSync.git
Dejvino-amdroid,https://github.com/Dejvino/amdroid.git
RomanGolovanov-ametro,https://github.com/RomanGolovanov/ametro.git
SubhamTyagi-dork-explore,https://github.com/SubhamTyagi/dork-explore.git
TheRedSpy15-LTECleanerFOSS,https://github.com/TheRedSpy15/LTECleanerFOSS.git
Zukero-andors-trail,https://github.com/Zukero/andors-trail.git
fr3ts0n-AndrOBD,https://github.com/fr3ts0n/AndrOBD.git
iamtrk-Device-Explorer,https://github.com/iamtrk/Device-Explorer.git
Arjun-sna-android-permission-checker-app,https://github.com/Arjun-sna/android-permission-checker-app.git
markmcavoy-androidtoken,https://github.com/markmcavoy/androidtoken.git
daktak-androidpn-client,https://github.com/daktak/androidpn-client.git
antlersoft-android-vnc-viewer,https://github.com/antlersoft/android-vnc-viewer.git
phora-AndroPTPB,https://github.com/phora/AndroPTPB.git
1hakr-AnExplorer,https://github.com/1hakr/AnExplorer.git
null-dev-animeopenings-android,https://github.com/null-dev/animeopenings-android.git
tran-khoa-ANNO1404-Warenrechner-App,https://github.com/tran-khoa/ANNO1404-Warenrechner-App.git
AntonioRedondo-AnotherMonitor,https://github.com/AntonioRedondo/AnotherMonitor.git
jdmonin-anstop,https://github.com/jdmonin/anstop.git
antennapod-AntennaPod,https://github.com/antennapod/AntennaPod.git
helloworld1-AnyMemo,https://github.com/helloworld1/AnyMemo.git
kertase-neo_anysoftkeyboard,https://github.com/kertase/neo_anysoftkeyboard.git
JusticeRage-ApkTrack,https://github.com/JusticeRage/ApkTrack.git
fighthawkarg-NasaApodCL,https://github.com/fighthawkarg/NasaApodCL.git
fighthawkarg-NasaApodMD,https://github.com/fighthawkarg/NasaApodMD.git
jakevossen5-Apollo-Trivia,https://github.com/jakevossen5/Apollo-Trivia.git
microg-AppleWifiNlpBackend,https://github.com/microg/AppleWifiNlpBackend.git
mpietrzak-apv,https://github.com/mpietrzak/apv.git
jdeslip-arxiv-mobile,https://github.com/jdeslip/arxiv-mobile.git
lopespm-arxiv-papers-mobile,https://github.com/lopespm/arxiv-papers-mobile.git
lsubel-amam-cordova,https://github.com/lsubel/amam-cordova.git
AsteroidOS-AsteroidOSSync,https://github.com/AsteroidOS/AsteroidOSSync.git
nvllsvm-Audinaut,https://github.com/nvllsvm/Audinaut.git
quaap-AudioMeter,https://github.com/quaap/AudioMeter.git
ReeceStevens-ut_ewh_audiometer_2014,https://github.com/ReeceStevens/ut_ewh_audiometer_2014.git
0xbb-otp-authenticator,https://github.com/0xbb/otp-authenticator.git
MBach-AutoAirplaneMode,https://github.com/MBach/AutoAirplaneMode.git
SubhamTyagi-dork-explore,https://github.com/SubhamTyagi/dork-explore.git
TheRedSpy15-LTECleanerFOSS,https://github.com/TheRedSpy15/LTECleanerFOSS.git
vvolas-Awesome-Live-Wallpaper,https://github.com/vvolas/Awesome-Live-Wallpaper.git
brarcher-baby-sleep-sounds,https://github.com/brarcher/baby-sleep-sounds.git
mdecorde-BABYNAME,https://github.com/mdecorde/BABYNAME.git
SibDev-BadPixels,https://github.com/SibDev/BadPixels.git
scheich-Balance,https://github.com/scheich/Balance.git
daktak-basketbuild_downloader,https://github.com/daktak/basketbuild_downloader.git
sarbajitsaha-Batch-Uninstaller,https://github.com/sarbajitsaha/Batch-Uninstaller.git
enricocid-Battery-Live,https://github.com/enricocid/Battery-Live.git
darshan--Battery-Indicator-Free,https://github.com/darshan-/Battery-Indicator-Free.git
darshan--Battery-Indicator-Pro,https://github.com/darshan-/Battery-Indicator-Pro.git
Perflyst-BatteryCalibration,https://github.com/Perflyst/BatteryCalibration.git
knirirr-BeeCount,https://github.com/knirirr/BeeCount.git
VladThodo-behe-explorer,https://github.com/VladThodo/behe-explorer.git
Berlin-Vegan-berlin-vegan-guide,https://github.com/Berlin-Vegan/berlin-vegan-guide.git
javiersantos-WhatsAppBetaUpdater,https://github.com/javiersantos/WhatsAppBetaUpdater.git
Renard1911-BaiApp,https://github.com/Renard1911/BaiApp.git
apiote-Bimba,https://github.com/apiote/Bimba.git
iexos-BipolAlarm,https://github.com/iexos/BipolAlarm.git
PrivacyApps-birthday-calendar,https://github.com/PrivacyApps/birthday-calendar.git
btcontract-wallet,https://github.com/btcontract/wallet.git
bitcoin-wallet-bitcoin-wallet,https://github.com/bitcoin-wallet/bitcoin-wallet.git
kenCode-de-bitshares-wallet,https://github.com/kenCode-de/bitshares-wallet.git
kaliturin-BlackList,https://github.com/kaliturin/BlackList.git
ligi-BLExplorer,https://github.com/ligi/BLExplorer.git
blokadaorg-blokada,https://github.com/blokadaorg/blokada.git
scoute-dich-Blue-Minimal,https://github.com/scoute-dich/Blue-Minimal.git
pipakin-Android-Bluetooth-Reprap,https://github.com/pipakin/Android-Bluetooth-Reprap.git
kenkendk-android-bluez-ime,https://github.com/kenkendk/android-bluez-ime.git
bobthekingofegypt-BobBall,https://github.com/bobthekingofegypt/BobBall.git
drpout-boilr,https://github.com/drpout/boilr.git
sophiehuiberts-Bomber-for-android,https://github.com/sophiehuiberts/Bomber-for-android.git
JohnMH-BoogDroid,https://github.com/JohnMH/BoogDroid.git
andviane-google-books-android-viewer,https://github.com/andviane/google-books-android-viewer.git
charlieCollins-and-bookworm,https://github.com/charlieCollins/and-bookworm.git
nkanaev-bubble,https://github.com/nkanaev/bubble.git
avianey-Level,https://github.com/avianey/Level.git
jereksel-Bucket,https://github.com/jereksel/Bucket.git
brarcher-budget-watch,https://github.com/brarcher/budget-watch.git
alexghr-bulkshare,https://github.com/alexghr/bulkshare.git
X-Ryl669-BwareArea,https://github.com/X-Ryl669/BwareArea.git
c-base-c-beam-droid,https://github.com/c-base/c-beam-droid.git
Frozen-Developers-android-cache-cleaner,https://github.com/Frozen-Developers/android-cache-cleaner.git
otaconix-caffeinetile,https://github.com/otaconix/caffeinetile.git
SimpleMobileTools-Simple-Calculator,https://github.com/SimpleMobileTools/Simple-Calculator.git
pascalfree-calendar-color,https://github.com/pascalfree/calendar-color.git
k3b-CalendarIcsAdapter,https://github.com/k3b/CalendarIcsAdapter.git
PrivacyApps-calendar-import-export,https://github.com/PrivacyApps/calendar-import-export.git
rparkins999-CalendarTrigger,https://github.com/rparkins999/CalendarTrigger.git
renyuneyun-CamCov,https://github.com/renyuneyun/CamCov.git
tube42-candymem,https://github.com/tube42/candymem.git
luarca84-Caramelos,https://github.com/luarca84/Caramelos.git
agateau-cat-avatar-generator-app,https://github.com/agateau/cat-avatar-generator-app.git
Bubu-android-dice-game,https://github.com/Bubu/android-dice-game.git
bpeel-catverbs,https://github.com/bpeel/catverbs.git
netmackan-CertTools,https://github.com/netmackan/CertTools.git
grzegorznittner-chanu,https://github.com/grzegorznittner/chanu.git
kostmo-chartdroid,https://github.com/kostmo/chartdroid.git
mathisdt-checknetwork,https://github.com/mathisdt/checknetwork.git
SecUSo-privacy-friendly-dame,https://github.com/SecUSo/privacy-friendly-dame.git
gsantner-cherrymusic-android,https://github.com/gsantner/cherrymusic-android.git
SubhamTyagi-dork-explore,https://github.com/SubhamTyagi/dork-explore.git
TheRedSpy15-LTECleanerFOSS,https://github.com/TheRedSpy15/LTECleanerFOSS.git
raatmarien-chibe,https://github.com/raatmarien/chibe.git
dkanada-Chip8,https://github.com/dkanada/Chip8.git
pmarks-net-chromadoze,https://github.com/pmarks-net/chromadoze.git
bamless-chromium-swe-updater,https://github.com/bamless/chromium-swe-updater.git
nathan-osman-chronosnap,https://github.com/nathan-osman/chronosnap.git
rmceoin-cidrcalculator,https://github.com/rmceoin/cidrcalculator.git
emmaguy-clean-status-bar,https://github.com/emmaguy/clean-status-bar.git
douzifly-clear-todolist,https://github.com/douzifly/clear-todolist.git
heruoxin-Clip-Stack,https://github.com/heruoxin/Clip-Stack.git
Floens-Clover,https://github.com/Floens/Clover.git
enricocid-Color-picker-library,https://github.com/enricocid/Color-picker-library.git
VelbazhdSoftwareLLC-ColorsOverflow,https://github.com/VelbazhdSoftwareLLC/ColorsOverflow.git
mschlauch-comfortreader,https://github.com/mschlauch/comfortreader.git
CommonsLab-CommonsLab,https://github.com/CommonsLab/CommonsLab.git
gsimon75-compass-keyboard,https://github.com/gsimon75/compass-keyboard.git
VelbazhdSoftwareLLC-Complica4,https://github.com/VelbazhdSoftwareLLC/Complica4.git
quaap-ComputationalDemonology,https://github.com/quaap/ComputationalDemonology.git
connectbot-connectbot,https://github.com/connectbot/connectbot.git
k3b-ContentProviderHelper,https://github.com/k3b/ContentProviderHelper.git
siacs-Conversations,https://github.com/siacs/Conversations.git
johanhil-copy-to-clipboard,https://github.com/johanhil/copy-to-clipboard.git
alaskalinuxuser-app_critical_velocity,https://github.com/alaskalinuxuser/app_critical_velocity.git
faerbit-android-crond,https://github.com/faerbit/android-crond.git
billthefarmer-crossword,https://github.com/billthefarmer/crossword.git
nelenkov-cryptfs-password-manager,https://github.com/nelenkov/cryptfs-password-manager.git
arkon-CDFLabs,https://github.com/arkon/CDFLabs.git
cSploit-android,https://github.com/cSploit/android.git
paride-CopperPDF,https://github.com/paride/CopperPDF.git
billthefarmer-currency,https://github.com/billthefarmer/currency.git
nutritionfactsorg-daily-dozen-android,https://github.com/nutritionfactsorg/daily-dozen-android.git
gsantner-dandelion,https://github.com/gsantner/dandelion.git
rosenpin-DBZ-Battery-Widget,https://github.com/rosenpin/DBZ-Battery-Widget.git
scheich-debDroid,https://github.com/scheich/debDroid.git
deltachat-deltachat-android,https://github.com/deltachat/deltachat-android.git
Natureshadow-Zahnarztgeraeusche,https://github.com/Natureshadow/Zahnarztgeraeusche.git
fenimore-devinettes-android,https://github.com/fenimore/devinettes-android.git
matejdro-PebbleDialer-Android,https://github.com/matejdro/PebbleDialer-Android.git
billthefarmer-diary,https://github.com/billthefarmer/diary.git
javierllorente-adc,https://github.com/javierllorente/adc.git
SecUSo-privacy-friendly-dicer,https://github.com/SecUSo/privacy-friendly-dicer.git
giraffine-Android-Project,https://github.com/giraffine/Android-Project.git
SubhamTyagi-dork-explore,https://github.com/SubhamTyagi/dork-explore.git
TheRedSpy15-LTECleanerFOSS,https://github.com/TheRedSpy15/LTECleanerFOSS.git
renancunha33-DiolinuxApp,https://github.com/renancunha33/DiolinuxApp.git
pR0Ps-DisableBatteryWarnings,https://github.com/pR0Ps/DisableBatteryWarnings.git
IvanVolosyuk-diskusage,https://github.com/IvanVolosyuk/diskusage.git
obale-divedroid,https://github.com/obale/divedroid.git
devgianlu-DNSHero,https://github.com/devgianlu/DNSHero.git
julian-klode-dns66,https://github.com/julian-klode/dns66.git
PrivacyApps-document-viewer,https://github.com/PrivacyApps/document-viewer.git
quaap-DodaTheExploda,https://github.com/quaap/DodaTheExploda.git
dolphin-emu-dolphin,https://github.com/dolphin-emu/dolphin.git
dbravender-korean_conjugation,https://github.com/dbravender/korean_conjugation.git
agwells-dotdash-keyboard-android,https://github.com/agwells/dotdash-keyboard-android.git
sreichholf-dreamDroid,https://github.com/sreichholf/dreamDroid.git
amasciul-Drinks,https://github.com/amasciul/Drinks.git
rastating-DroidBeard,https://github.com/rastating/DroidBeard.git
peterosterlund2-droidfish,https://github.com/peterosterlund2/droidfish.git
ltGuillaume-DroidShows,https://github.com/ltGuillaume/DroidShows.git
yashima-droidweight,https://github.com/yashima/droidweight.git
alkom-droidzebra,https://github.com/alkom/droidzebra.git
tube42-drumon,https://github.com/tube42/drumon.git
mobimentum-dualsimreminder,https://github.com/mobimentum/dualsimreminder.git
johanhil-ddg-android,https://github.com/johanhil/ddg-android.git
duckduckgo-Android,https://github.com/duckduckgo/Android.git
yeriomin-DumbphoneAssistant,https://github.com/yeriomin/DumbphoneAssistant.git
fralik-Duorem,https://github.com/fralik/Duorem.git
quaddy-services-DynamicNightLight,https://github.com/quaddy-services/DynamicNightLight.git
n76-DejaVu,https://github.com/n76/DejaVu.git
renyuneyun-Easer,https://github.com/renyuneyun/Easer.git
Alkarex-EasyRSS,https://github.com/Alkarex/EasyRSS.git
mafik-echo,https://github.com/mafik/echo.git
billthefarmer-editor,https://github.com/billthefarmer/editor.git
sovworks-edslite,https://github.com/sovworks/edslite.git
MyIgel-EH17Fahrplan,https://github.com/MyIgel/EH17Fahrplan.git
ellaism-Lunary-Ethereum-Wallet,https://github.com/ellaism/Lunary-Ethereum-Wallet.git
m0ppers-ElpeEfpeAndroid,https://github.com/m0ppers/ElpeEfpeAndroid.git
subchannel13-EnchantedFortress,https://github.com/subchannel13/EnchantedFortress.git
JanmanX-EncryptTextApp,https://github.com/JanmanX/EncryptTextApp.git
vanitasvitae-EnigmAndroid,https://github.com/vanitasvitae/EnigmAndroid.git
Nutomic-ensichat,https://github.com/Nutomic/ensichat.git
pR0Ps-Entrust-IdentityGuard-Unblocker,https://github.com/pR0Ps/Entrust-IdentityGuard-Unblocker.git
hypeapps-episodie,https://github.com/hypeapps/episodie.git
clemensbartz-essential-launcher,https://github.com/clemensbartz/essential-launcher.git
RCasatta-EternityWallAndroid,https://github.com/RCasatta/EternityWallAndroid.git
e-venement-eve-control,https://github.com/e-venement/eve-control.git
danvratil-FBEventSync,https://github.com/danvratil/FBEventSync.git
fossasia-open-event-orga-app,https://github.com/fossasia/open-event-orga-app.git
Yonjuni-ExaltedDicer,https://github.com/Yonjuni/ExaltedDicer.git
Exodus-Privacy-exodus-android-app,https://github.com/Exodus-Privacy/exodus-android-app.git
gianluca-nitti-android-expr-eval,https://github.com/gianluca-nitti/android-expr-eval.git
kost-external-ip,https://github.com/kost/external-ip.git
mbmb5-Eylca,https://github.com/mbmb5/Eylca.git
indywidualny-FaceSlim,https://github.com/indywidualny/FaceSlim.git
M66B-open-source-email,https://github.com/M66B/open-source-email.git
WeAreFairphone-FP1-Launcher,https://github.com/WeAreFairphone/FP1-Launcher.git
mcastillof-FakeTraveler,https://github.com/mcastillof/FakeTraveler.git
thermatk-FakeGApps,https://github.com/thermatk/FakeGApps.git
gabm-FancyPlaces,https://github.com/gabm/FancyPlaces.git
ligi-FAST,https://github.com/ligi/FAST.git
Free-Software-for-Android-FasterGPS,https://github.com/Free-Software-for-Android/FasterGPS.git
thermatk-FastHub-Libre,https://github.com/thermatk/FastHub-Libre.git
sebastianrakel-fb-client-android,https://github.com/sebastianrakel/fb-client-android.git
zouroboros-filmchecker,https://github.com/zouroboros/filmchecker.git
schollz-find3-android-scanner,https://github.com/schollz/find3-android-scanner.git
M66B-FineGeotag,https://github.com/M66B/FineGeotag.git
mozilla-mobile-focus-android,https://github.com/mozilla-mobile/focus-android.git
VelbazhdSoftwareLLC-FishRingsForAndroid,https://github.com/VelbazhdSoftwareLLC/FishRingsForAndroid.git
fenimore-fissure-android,https://github.com/fenimore/fissure-android.git
abhijitvalluri-fitnotifications,https://github.com/abhijitvalluri/fitnotifications.git
pR0Ps-FlatConnectivityIcons,https://github.com/pR0Ps/FlatConnectivityIcons.git
ultramega-flavordex,https://github.com/ultramega/flavordex.git
danielmeek32-FlexibleWallpaper,https://github.com/danielmeek32/FlexibleWallpaper.git
happyalu-Flite-TTS-Engine-for-Android,https://github.com/happyalu/Flite-TTS-Engine-for-Android.git
renyuneyun-FLock,https://github.com/renyuneyun/FLock.git
FredJul-Flym,https://github.com/FredJul/Flym.git
gjedeer-androidwisprclient,https://github.com/gjedeer/androidwisprclient.git
SubhamTyagi-dork-explore,https://github.com/SubhamTyagi/dork-explore.git
TheRedSpy15-LTECleanerFOSS,https://github.com/TheRedSpy15/LTECleanerFOSS.git
elboza-footguy,https://github.com/elboza/footguy.git
martykan-forecastie,https://github.com/martykan/forecastie.git
slartus-4pdaClient-plus,https://github.com/slartus/4pdaClient-plus.git
316k-android-fortune,https://github.com/316k/android-fortune.git
scoute-dich-browser,https://github.com/scoute-dich/browser.git
jfilter-frag-den-staat-app,https://github.com/jfilter/frag-den-staat-app.git
freeminer-freeminer,https://github.com/freeminer/freeminer.git
freeotp-freeotp-android,https://github.com/freeotp/freeotp-android.git
helloworld1-FreeOTPPlus,https://github.com/helloworld1/FreeOTPPlus.git
knilch0r-freeshisen,https://github.com/knilch0r/freeshisen.git
WIStudent-FreifunkAutoConnectApp,https://github.com/WIStudent/FreifunkAutoConnectApp.git
dkanada-frost,https://github.com/dkanada/frost.git
videogameboy76-frozenbubbleandroid,https://github.com/videogameboy76/frozenbubbleandroid.git
videogameboy76-FBEditPlus,https://github.com/videogameboy76/FBEditPlus.git
ppareit-swiftp,https://github.com/ppareit/swiftp.git
no-go-FunPhonePuppet,https://github.com/no-go/FunPhonePuppet.git
meyerd-funktrainer,https://github.com/meyerd/funktrainer.git
jp-bennett-fwknop2,https://github.com/jp-bennett/fwknop2.git
dzmanto-foehnix,https://github.com/dzmanto/foehnix.git
Freeyourgadget-Gadgetbridge,https://github.com/Freeyourgadget/Gadgetbridge.git
murraycu-android-galaxyzoo,https://github.com/murraycu/android-galaxyzoo.git
tobykurien-GoogleApps,https://github.com/tobykurien/GoogleApps.git
mridang-gasflow,https://github.com/mridang/gasflow.git
urandom-gearshift,https://github.com/urandom/gearshift.git
zeldin-Gerberoid,https://github.com/zeldin/Gerberoid.git
seguri-GetForegroundActivity,https://github.com/seguri/GetForegroundActivity.git
Alikaraki95-Getoffyourphone,https://github.com/Alikaraki95/Getoffyourphone.git
ruleant-getback_gps,https://github.com/ruleant/getback_gps.git
andDevW-getChromium,https://github.com/andDevW/getChromium.git
rfc2822-GfxTablet,https://github.com/rfc2822/GfxTablet.git
Wilm0r-giggity,https://github.com/Wilm0r/giggity.git
restorer-gloomy-dungeons-2,https://github.com/restorer/gloomy-dungeons-2.git
ligi-gobandroid,https://github.com/ligi/gobandroid.git
tiagoshibata-Android-GPSd-Client,https://github.com/tiagoshibata/Android-GPSd-Client.git
barbeau-gpstest,https://github.com/barbeau/gpstest.git
evgenyzinoviev-gravitydefied,https://github.com/evgenyzinoviev/gravitydefied.git
zxalexis-guess,https://github.com/zxalexis/guess.git
vbier-habpanelviewer,https://github.com/vbier/habpanelviewer.git
tasomaniac-hackdash,https://github.com/tasomaniac/hackdash.git
klausw-hackerskeyboard,https://github.com/klausw/hackerskeyboard.git
corcoran-Hangar,https://github.com/corcoran/Hangar.git
haha01haha01-HaRail_Android,https://github.com/haha01haha01/HaRail_Android.git
kodejak-Hashr,https://github.com/kodejak/Hashr.git
cryptofuture-urlhda-android,https://github.com/cryptofuture/urlhda-android.git
vanilla-music-vanilla-headphone-detector,https://github.com/vanilla-music/vanilla-headphone-detector.git
cweiske-headphoneindicator,https://github.com/cweiske/headphoneindicator.git
urtxintxa-HexColorTime,https://github.com/urtxintxa/HexColorTime.git
queler-holokenmod,https://github.com/queler/holokenmod.git
Maxr1998-home-assistant-Android,https://github.com/Maxr1998/home-assistant-Android.git
HopEdia-android-client,https://github.com/HopEdia/android-client.git
jeremymarch-HoplitePolytonicKeyboardAndroid,https://github.com/jeremymarch/HoplitePolytonicKeyboardAndroid.git
jpriebe-hotdeath,https://github.com/jpriebe/hotdeath.git
derekcsm-hubble_gallery,https://github.com/derekcsm/hubble_gallery.git
zenorogue-hyperrogue,https://github.com/zenorogue/hyperrogue.git
kostmo-android-spiral-wallpaper,https://github.com/kostmo/android-spiral-wallpaper.git
1C3-ICEcons,https://github.com/1C3/ICEcons.git
iitc-project-ingress-intel-total-conversion,https://github.com/iitc-project/ingress-intel-total-conversion.git
nbenm-ImapNote2,https://github.com/nbenm/ImapNote2.git
achromaticmetaphor-IMCKTG,https://github.com/achromaticmetaphor/IMCKTG.git
itprojects-InboxPager,https://github.com/itprojects/InboxPager.git
x1125-initd-light,https://github.com/x1125/initd-light.git
k3b-intent-intercept,https://github.com/k3b/intent-intercept.git
smblott-github-intent_radio,https://github.com/smblott-github/intent_radio.git
SecUSo-privacy-friendly-interval-timer,https://github.com/SecUSo/privacy-friendly-interval-timer.git
salvadorp2001-Inventory_Taker,https://github.com/salvadorp2001/Inventory_Taker.git
niqdev-ipcam-view,https://github.com/niqdev/ipcam-view.git
ligi-IPFSDroid,https://github.com/ligi/IPFSDroid.git
seguri-IsPhoneEncrypted,https://github.com/seguri/IsPhoneEncrypted.git
VelbazhdSoftwareLLC-IthakaBoardGame,https://github.com/VelbazhdSoftwareLLC/IthakaBoardGame.git
enricocid-iven-feed-reader,https://github.com/enricocid/iven-feed-reader.git
richardchien-jigsaw-android,https://github.com/richardchien/jigsaw-android.git
nikita36078-J2ME-Loader,https://github.com/nikita36078/J2ME-Loader.git
jannispinter-jaws,https://github.com/jannispinter/jaws.git
JTechMe-JumpGo,https://github.com/JTechMe/JumpGo.git
andresth-Kandroid,https://github.com/andresth/Kandroid.git
Kunzisoft-KeePassDX,https://github.com/Kunzisoft/KeePassDX.git
NHellFire-KernelAdiutor,https://github.com/NHellFire/KernelAdiutor.git
SubhamTyagi-dork-explore,https://github.com/SubhamTyagi/dork-explore.git
TheRedSpy15-LTECleanerFOSS,https://github.com/TheRedSpy15/LTECleanerFOSS.git
kiwix-kiwix-xulrunner,https://github.com/kiwix/kiwix-xulrunner.git
konradrenner-kolabnotes-android,https://github.com/konradrenner/kolabnotes-android.git
kontalk-androidclient,https://github.com/kontalk/androidclient.git
blurpy-kouchat-android,https://github.com/blurpy/kouchat-android.git
poseidn-KungFoo,https://github.com/poseidn/KungFoo.git
ninelima-kwikEFIS,https://github.com/ninelima/kwikEFIS.git
alexcustos-linkasanote,https://github.com/alexcustos/linkasanote.git
ibinshoid-LASKmobile,https://github.com/ibinshoid/LASKmobile.git
quaap-LaunchTime,https://github.com/quaap/LaunchTime.git
LawnchairLauncher-Lawnchair,https://github.com/LawnchairLauncher/Lawnchair.git
0iras0r-ils-companion-android,https://github.com/0iras0r/ils-companion-android.git
MBach-LeMondeRssReader,https://github.com/MBach/LeMondeRssReader.git
foocorp-gnu-fm,https://github.com/foocorp/gnu-fm.git
tryton-vanmeer-LibreTrivia,https://github.com/tryton-vanmeer/LibreTrivia.git
foxykeep-lifecounter,https://github.com/foxykeep/lifecounter.git
MarcelJurtz-LifeCounter,https://github.com/MarcelJurtz/LifeCounter.git
felixwiemuth-LinCal,https://github.com/felixwiemuth/LinCal.git
LISTEN-moe-android-app,https://github.com/LISTEN-moe/android-app.git
michaelachmann-LnkShortener,https://github.com/michaelachmann/LnkShortener.git
n76-Local-GSM-Backend,https://github.com/n76/Local-GSM-Backend.git
n76-wifi_backend,https://github.com/n76/wifi_backend.git
k3b-locationMapViewer,https://github.com/k3b/locationMapViewer.git
seguri-lock,https://github.com/seguri/lock.git
zoenb-log28,https://github.com/zoenb/log28.git
darshanparajuli-LogcatReader,https://github.com/darshanparajuli/LogcatReader.git
iSoron-uhabits,https://github.com/iSoron/uhabits.git
SecUSo-privacy-friendly-ludo,https://github.com/SecUSo/privacy-friendly-ludo.git
shkcodes-Lyrically,https://github.com/shkcodes/Lyrically.git
ratmole-Mach3Pendant,https://github.com/ratmole/Mach3Pendant.git
Adonai-Man-Man,https://github.com/Adonai/Man-Man.git
falnatsheh-MarkdownView,https://github.com/falnatsheh/MarkdownView.git
BijoySingh-Scarlet-Notes,https://github.com/BijoySingh/Scarlet-Notes.git
ZeeRooo-MaterialFBook,https://github.com/ZeeRooo/MaterialFBook.git
materialos-android-icon-pack,https://github.com/materialos/android-icon-pack.git
icasdri-Mather,https://github.com/icasdri/Mather.git
mattermost-mattermost-android-classic,https://github.com/mattermost/mattermost-android-classic.git
chelovek84-mBrowser,https://github.com/chelovek84/mBrowser.git
JohnLines-mediclog,https://github.com/JohnLines/mediclog.git
yaa110-Memento,https://github.com/yaa110/Memento.git
androidsoft-org-androidsoft-memory,https://github.com/androidsoft-org/androidsoft-memory.git
jakobwenzel-MensaGuthaben,https://github.com/jakobwenzel/MensaGuthaben.git
Skarafaz-mercury,https://github.com/Skarafaz/mercury.git
dakhnod-Meshenger,https://github.com/dakhnod/Meshenger.git
gsurrel-MessengerBypasser,https://github.com/gsurrel/MessengerBypasser.git
zoff99-MetalabDoorWidget,https://github.com/zoff99/MetalabDoorWidget.git
mannyamorim-metrictime,https://github.com/mannyamorim/metrictime.git
waelk10-Metronome,https://github.com/waelk10/Metronome.git
jbirdvegas-external_jbirdvegas_mGerrit,https://github.com/jbirdvegas/external_jbirdvegas_mGerrit.git
JBirdVegas-external_jbirdvegas_mGerrit,https://github.com/JBirdVegas/external_jbirdvegas_mGerrit.git
gatheringhallstudios-MHGenDatabase,https://github.com/gatheringhallstudios/MHGenDatabase.git
raulhaag-MiMangaNu,https://github.com/raulhaag/MiMangaNu.git
easytargetmixel-micopi_android,https://github.com/easytargetmixel/micopi_android.git
mridang-microchip,https://github.com/mridang/microchip.git
bitplane-Microphone,https://github.com/bitplane/Microphone.git
MartiniMoe-MIDICtrl,https://github.com/MartiniMoe/MIDICtrl.git
SubhamTyagi-dork-explore,https://github.com/SubhamTyagi/dork-explore.git
TheRedSpy15-LTECleanerFOSS,https://github.com/TheRedSpy15/LTECleanerFOSS.git
evancharlton-android-mileage,https://github.com/evancharlton/android-mileage.git
minetest-minetest,https://github.com/minetest/minetest.git
rubenwardy-mtmods4android,https://github.com/rubenwardy/mtmods4android.git
rubenroy-Minimal-Todo,https://github.com/rubenroy/Minimal-Todo.git
imshyam-mintube,https://github.com/imshyam/mintube.git
mattgmg1990-miracast-widget,https://github.com/mattgmg1990/miracast-widget.git
artetxem-mitzuli,https://github.com/artetxem/mitzuli.git
andviane-moon,https://github.com/andviane/moon.git
mannd-morbidmeter-android,https://github.com/mannd/morbidmeter-android.git
CarstenKarbach-MoTAC,https://github.com/CarstenKarbach/MoTAC.git
chrismiceli-motp,https://github.com/chrismiceli/motp.git
cerisara-mousetodon,https://github.com/cerisara/mousetodon.git
movim-movim_android,https://github.com/movim/movim_android.git
microg-IchnaeaNlpBackend,https://github.com/microg/IchnaeaNlpBackend.git
abarisain-dmix,https://github.com/abarisain/dmix.git
AEFeinstein-mtg-familiar,https://github.com/AEFeinstein/mtg-familiar.git
crazyhitty-Munch,https://github.com/crazyhitty/Munch.git
mupen64plus-ae-mupen64plus-ae,https://github.com/mupen64plus-ae/mupen64plus-ae.git
MaxFour-Music-Player,https://github.com/MaxFour/Music-Player.git
enricocid-Music-Player-GO,https://github.com/enricocid/Music-Player-GO.git
albertolalanda-new-ultrasonic-fork-for-MyMusicQoE,https://github.com/albertolalanda/new-ultrasonic-fork-for-MyMusicQoE.git
aykit-MyOwnNotes,https://github.com/aykit/MyOwnNotes.git
lenchan139-NCBookmark,https://github.com/lenchan139/NCBookmark.git
ram-on-NetcfgWidget,https://github.com/ram-on/NetcfgWidget.git
M66B-NetGuard,https://github.com/M66B/NetGuard.git
scheich-Network,https://github.com/scheich/Network.git
dotWee-MicroPinner,https://github.com/dotWee/MicroPinner.git
samuelclay-NewsBlur,https://github.com/samuelclay/NewsBlur.git
nextgis-android_gisapp,https://github.com/nextgis/android_gisapp.git
MichaelEvans-NightModeEnabler,https://github.com/MichaelEvans/NightModeEnabler.git
Shirakumo-ocelot,https://github.com/Shirakumo/ocelot.git
openintents-filemanager,https://github.com/openintents/filemanager.git
Rudloff-openvegemap-cordova,https://github.com/Rudloff/openvegemap-cordova.git
labexp-osmtracker-android,https://github.com/labexp/osmtracker-android.git
Luorrak-Ouroboros,https://github.com/Luorrak/Ouroboros.git
nbossard-packlist,https://github.com/nbossard/packlist.git
devmil-PaperLaunch,https://github.com/devmil/PaperLaunch.git
ligi-PassAndroid,https://github.com/ligi/PassAndroid.git
zeapo-Android-Password-Store,https://github.com/zeapo/Android-Password-Store.git
Swati4star-Images-to-PDF,https://github.com/Swati4star/Images-to-PDF.git
Frozen-Developers-android-periodic-table,https://github.com/Frozen-Developers/android-periodic-table.git
PGPAuth-PGPAuth_Android,https://github.com/PGPAuth/PGPAuth_Android.git
PhotoBackup-client-android,https://github.com/PhotoBackup/client-android.git
MrFlyingToasterman-Pijaret,https://github.com/MrFlyingToasterman/Pijaret.git
kaputnikGo-PilferShushJammer,https://github.com/kaputnikGo/PilferShushJammer.git
fvasco-pinpoi,https://github.com/fvasco/pinpoi.git
rnauber-pipepanic-android,https://github.com/rnauber/pipepanic-android.git
dahlia-muzei-pixiv,https://github.com/dahlia/muzei-pixiv.git
playmusicexporter-playmusicexporter,https://github.com/playmusicexporter/playmusicexporter.git
0xFireball-PluckLockEx,https://github.com/0xFireball/PluckLockEx.git
Utyff-pMetro,https://github.com/Utyff/pMetro.git
caarmen-poet-assistant,https://github.com/caarmen/poet-assistant.git
JSandomierz-pcis,https://github.com/JSandomierz/pcis.git
beriain-PolarClock,https://github.com/beriain/PolarClock.git
VelbazhdSoftwareLLC-Politrics,https://github.com/VelbazhdSoftwareLLC/Politrics.git
huckleberrypie-pollywog,https://github.com/huckleberrypie/pollywog.git
Nyubis-Pomfshare,https://github.com/Nyubis/Pomfshare.git
aaronjwood-PortAuthority,https://github.com/aaronjwood/PortAuthority.git
hrydgard-ppsspp,https://github.com/hrydgard/ppsspp.git
metinkale38-prayer-times-android,https://github.com/metinkale38/prayer-times-android.git
pretix-pretixdroid,https://github.com/pretix/pretixdroid.git
smithdtyler-prettygoodmusicplayer,https://github.com/smithdtyler/prettygoodmusicplayer.git
quaap-Primary,https://github.com/quaap/Primary.git
andviane-prism,https://github.com/andviane/prism.git
brarcher-protect-baby-monitor,https://github.com/brarcher/protect-baby-monitor.git
phpsysinfo-psiandroid,https://github.com/phpsysinfo/psiandroid.git
fossasia-pslab-android,https://github.com/fossasia/pslab-android.git
SubhamTyagi-dork-explore,https://github.com/SubhamTyagi/dork-explore.git
TheRedSpy15-LTECleanerFOSS,https://github.com/TheRedSpy15/LTECleanerFOSS.git
MihaiBalint-TimisoaraPublicTransport,https://github.com/MihaiBalint/TimisoaraPublicTransport.git
PuffOpenSource-Puff-Android,https://github.com/PuffOpenSource/Puff-Android.git
chrisboyle-sgtpuzzles,https://github.com/chrisboyle/sgtpuzzles.git
moezbhatti-qksms,https://github.com/moezbhatti/qksms.git
SecUSo-privacy-friendly-qr-scanner,https://github.com/SecUSo/privacy-friendly-qr-scanner.git
xloem-qrstream,https://github.com/xloem/qrstream.git
sandsmark-QuasselDroid,https://github.com/sandsmark/QuasselDroid.git
Ohmnibus-quick-dice-roller,https://github.com/Ohmnibus/quick-dice-roller.git
rosenpin-QuickDrawEverywhere,https://github.com/rosenpin/QuickDrawEverywhere.git
himmele-quickdroid,https://github.com/himmele/quickdroid.git
QuickLyric-QuickLyric,https://github.com/QuickLyric/QuickLyric.git
scoute-dich-QuitSmoking,https://github.com/scoute-dich/QuitSmoking.git
cesarvaliente-quitesleep,https://github.com/cesarvaliente/quitesleep.git
frrahat-Quran-For-My-Android,https://github.com/frrahat/Quran-For-My-Android.git
andybalaam-rabbit-escape,https://github.com/andybalaam/rabbit-escape.git
mrksbrg-RacketGhost,https://github.com/mrksbrg/RacketGhost.git
openbmap-radiocells-scanner-android,https://github.com/openbmap/radiocells-scanner-android.git
openbmap-radiocells-nlp-android,https://github.com/openbmap/radiocells-nlp-android.git
sanderbaas-rainalarm-android,https://github.com/sanderbaas/rainalarm-android.git
eidottermihi-rpicheck,https://github.com/eidottermihi/rpicheck.git
engSERGIU-React,https://github.com/engSERGIU/React.git
aminecmi-ReaderforSelfoss,https://github.com/aminecmi/ReaderforSelfoss.git
SecUSo-privacy-friendly-reckoning-skills,https://github.com/SecUSo/privacy-friendly-reckoning-skills.git
jonasbleyl-Recurrence,https://github.com/jonasbleyl/Recurrence.git
martinchodev-RedPanal-Android-WebApp,https://github.com/martinchodev/RedPanal-Android-WebApp.git
vi-redscreen.apk,https://github.com/vi/redscreen.apk.git
phikal-ReGeX,https://github.com/phikal/ReGeX.git
Leszek111-ReLaunchX,https://github.com/Leszek111/ReLaunchX.git
uatach-reminders,https://github.com/uatach/reminders.git
no-go-ReoTwe,https://github.com/no-go/ReoTwe.git
futurice-meeting-room-tablet,https://github.com/futurice/meeting-room-tablet.git
IbrahimYousre-Resume-Builder,https://github.com/IbrahimYousre/Resume-Builder.git
m45t3r-retrobreaker,https://github.com/m45t3r/retrobreaker.git
RetroShare-RetroShare,https://github.com/RetroShare/RetroShare.git
demantz-RFAnalyzer,https://github.com/demantz/RFAnalyzer.git
fasteque-rgb-tool,https://github.com/fasteque/rgb-tool.git
no-go-RickApp,https://github.com/no-go/RickApp.git
kyriog-rights-alert,https://github.com/kyriog/rights-alert.git
norenh-RKFRead,https://github.com/norenh/RKFRead.git
wseemann-RoMote,https://github.com/wseemann/RoMote.git
jfcolom-rosary,https://github.com/jfcolom/rosary.git
phuang-RotationLock,https://github.com/phuang/RotationLock.git
yolosec-routerkeygenAndroid,https://github.com/yolosec/routerkeygenAndroid.git
scoutant-rpn,https://github.com/scoutant/rpn.git
martinmarinov-rtl_tcp_andro-,https://github.com/martinmarinov/rtl_tcp_andro-.git
SecUSo-privacy-friendly-ruler,https://github.com/SecUSo/privacy-friendly-ruler.git
Marlinski-Rumble,https://github.com/Marlinski/Rumble.git
JonasCz-save-for-offline,https://github.com/JonasCz/save-for-offline.git
VelbazhdSoftwareLLC-Scribe4,https://github.com/VelbazhdSoftwareLLC/Scribe4.git
mo3rfan-ScrollSocket,https://github.com/mo3rfan/ScrollSocket.git
caarmen-scrumchatter,https://github.com/caarmen/scrumchatter.git
haiwen-seadroid,https://github.com/haiwen/seadroid.git
marcoM32-SeaMapDroid,https://github.com/marcoM32/SeaMapDroid.git
scottamain-Search_Light,https://github.com/scottamain/Search_Light.git
farmerbb-SecondScreen,https://github.com/farmerbb/SecondScreen.git
Fr4gorSoftware-SecScanQR,https://github.com/Fr4gorSoftware/SecScanQR.git
Somethingweirdhere-Secure-Photo-Viewer,https://github.com/Somethingweirdhere/Secure-Photo-Viewer.git
sileht-SeeksWidget,https://github.com/sileht/SeeksWidget.git
arpruss-sendreduced,https://github.com/arpruss/sendreduced.git
ianmcxa-vortaro,https://github.com/ianmcxa/vortaro.git
mustafa01ali-SensorsSandbox,https://github.com/mustafa01ali/SensorsSandbox.git
SensorApps-Sensors2OSC,https://github.com/SensorApps/Sensors2OSC.git
SensorApps-Sensors2Pd,https://github.com/SensorApps/Sensors2Pd.git
servalproject-batphone,https://github.com/servalproject/batphone.git
sylvek-sharemyposition,https://github.com/sylvek/sharemyposition.git
marcosdiez-shareviahttp,https://github.com/marcosdiez/shareviahttp.git
queler-sharetobrowser,https://github.com/queler/sharetobrowser.git
00-Evan-shattered-pixel-dungeon,https://github.com/00-Evan/shattered-pixel-dungeon.git
try2codesecure-ShellMS,https://github.com/try2codesecure/ShellMS.git
woefe-ShoppingList,https://github.com/woefe/ShoppingList.git
PrivacyApps-calendar-contacts-shortcuts,https://github.com/PrivacyApps/calendar-contacts-shortcuts.git
billthefarmer-shorty,https://github.com/billthefarmer/shorty.git
kebernet-shortyz,https://github.com/kebernet/shortyz.git
cody82-sigfood,https://github.com/cody82/sigfood.git
billthefarmer-sig-gen,https://github.com/billthefarmer/sig-gen.git
Lanchon-sigspoof-checker,https://github.com/Lanchon/sigspoof-checker.git
hoihei-Silectric,https://github.com/hoihei/Silectric.git
SilenceIM-Silence,https://github.com/SilenceIM/Silence.git
stanipintjuk-Silverfish,https://github.com/stanipintjuk/Silverfish.git
EmmanuelMess-Simple-Accounting,https://github.com/EmmanuelMess/Simple-Accounting.git
eldarerathis-Simple-Chess-Clock,https://github.com/eldarerathis/Simple-Chess-Clock.git
smarek-Simple-Dilbert,https://github.com/smarek/Simple-Dilbert.git
DF1E-SimpleExplorer,https://github.com/DF1E/SimpleExplorer.git
thelinuxgeekcommunity-simpleirc,https://github.com/thelinuxgeekcommunity/simpleirc.git
rkkr-simple-keyboard,https://github.com/rkkr/simple-keyboard.git
tgwizard-sls,https://github.com/tgwizard/sls.git
toxtox-SimplePhilosopherstoneWidget,https://github.com/toxtox/SimplePhilosopherstoneWidget.git
TobiasBielefeld-Simple-Search,https://github.com/TobiasBielefeld/Simple-Search.git
Jizzu-SimpleToDo,https://github.com/Jizzu/SimpleToDo.git
vvviperrr-SimpleRT,https://github.com/vvviperrr/SimpleRT.git
Chessmasterrr-SimpleStatsWidget,https://github.com/Chessmasterrr/SimpleStatsWidget.git
mpcjanssen-simpletask-android,https://github.com/mpcjanssen/simpletask-android.git
aidin36-simpletextcrypt,https://github.com/aidin36/simpletextcrypt.git
enricocid-Simply-Solid,https://github.com/enricocid/Simply-Solid.git
whitequark-SIPCaller,https://github.com/whitequark/SIPCaller.git
i-p-tel-sipdroid,https://github.com/i-p-tel/sipdroid.git
namlit-siteswap_generator,https://github.com/namlit/siteswap_generator.git
sky-map-team-stardroid,https://github.com/sky-map-team/stardroid.git
ram-on-SkyTube,https://github.com/ram-on/SkyTube.git
trikita-slide,https://github.com/trikita/slide.git
scheich-SlideItLoud,https://github.com/scheich/SlideItLoud.git
marcopar-SliderSynth,https://github.com/marcopar/SliderSynth.git
handschuh-Slight-backup,https://github.com/handschuh/Slight-backup.git
rignaneseleo-SlimSocial-for-Twitter,https://github.com/rignaneseleo/SlimSocial-for-Twitter.git
frankmorgner-vsmartcard,https://github.com/frankmorgner/vsmartcard.git
wbaumann-SmartReceiptsLibrary,https://github.com/wbaumann/SmartReceiptsLibrary.git
timnew-AndroidInfrared,https://github.com/timnew/AndroidInfrared.git
kenCode-de-smartcoins-wallet,https://github.com/kenCode-de/smartcoins-wallet.git
Phantast-smartnavi,https://github.com/Phantast/smartnavi.git
yeriomin-SmsScheduler,https://github.com/yeriomin/SmsScheduler.git
xmikos-SnooperStopper,https://github.com/xmikos/SnooperStopper.git
aario-snotepad,https://github.com/aario/snotepad.git
agnibho-solarcompass,https://github.com/agnibho/solarcompass.git
retrobits-son_of_hunkypunk,https://github.com/retrobits/son_of_hunkypunk.git
meonwax-soundboard,https://github.com/meonwax/soundboard.git
bottiger-SoundWaves,https://github.com/bottiger/SoundWaves.git
0xe1f-Spark360,https://github.com/0xe1f/Spark360.git
Etuldan-spaRSS,https://github.com/Etuldan/spaRSS.git
mikereidis-spirit2_free,https://github.com/mikereidis/spirit2_free.git
fyhertz-spydroid-ipcamera,https://github.com/fyhertz/spydroid-ipcamera.git
fr3ts0n-StageFever,https://github.com/fr3ts0n/StageFever.git
xgouchet-Stanley,https://github.com/xgouchet/Stanley.git
Sw24Softwares-StarkeVerben,https://github.com/Sw24Softwares/StarkeVerben.git
grmpl-StepandHeightcounter,https://github.com/grmpl/StepandHeightcounter.git
zikalify-StoicReading,https://github.com/zikalify/StoicReading.git
KodarKooperativet-NotificationStopwatch,https://github.com/KodarKooperativet/NotificationStopwatch.git
enricocid-Storage-USB,https://github.com/enricocid/Storage-USB.git
LonamiWebs-Stringlate,https://github.com/LonamiWebs/Stringlate.git
crysxd-Studiportal-Checker,https://github.com/crysxd/Studiportal-Checker.git
forrestguice-SuntimesWidget,https://github.com/forrestguice/SuntimesWidget.git
xxv-SuperGenPass,https://github.com/xxv/SuperGenPass.git
phhusson-Superuser,https://github.com/phhusson/Superuser.git
zoff99-surespot-android,https://github.com/zoff99/surespot-android.git
VelbazhdSoftwareLLC-SvarkaOddsCalculator,https://github.com/VelbazhdSoftwareLLC/SvarkaOddsCalculator.git
adrianchifor-Swiftnotes,https://github.com/adrianchifor/Swiftnotes.git
err4nt-SwpieView,https://github.com/err4nt/SwpieView.git
n76-Symphony,https://github.com/n76/Symphony.git
maxammann-music-cyclon,https://github.com/maxammann/music-cyclon.git
Kadabash-SyncOnWifi,https://github.com/Kadabash/SyncOnWifi.git
mo3rfan-syncplayer,https://github.com/mo3rfan/syncplayer.git
syncthing-syncthing-android,https://github.com/syncthing/syncthing-android.git
TheAkki-Synctool,https://github.com/TheAkki/Synctool.git
scheich-SyncWifi,https://github.com/scheich/SyncWifi.git
fAndreuzzi-TUI-ConsoleLauncher,https://github.com/fAndreuzzi/TUI-ConsoleLauncher.git
inorichi-tachiyomi,https://github.com/inorichi/tachiyomi.git
trikita-talalarmo,https://github.com/trikita/talalarmo.git
google-talkback,https://github.com/google/talkback.git
gabm-TapAndTurn,https://github.com/gabm/TapAndTurn.git
wsdfhjxc-taponium,https://github.com/wsdfhjxc/taponium.git
dmfs-opentasks,https://github.com/dmfs/opentasks.git
tasks-tasks,https://github.com/tasks/tasks.git
negativedensity-techahashi,https://github.com/negativedensity/techahashi.git
ATryder-TEdit,https://github.com/ATryder/TEdit.git
Telegram-FOSS-Team-Telegram-FOSS,https://github.com/Telegram-FOSS-Team/Telegram-FOSS.git
open-keychain-termbot,https://github.com/open-keychain/termbot.git
termux-termux-boot,https://github.com/termux/termux-boot.git
SubhamTyagi-dork-explore,https://github.com/SubhamTyagi/dork-explore.git
TheRedSpy15-LTECleanerFOSS,https://github.com/TheRedSpy15/LTECleanerFOSS.git
RinatKurmaev-Tether-companion,https://github.com/RinatKurmaev/Tether-companion.git
TheFakeMontyOnTheRun-knightsofalentejo,https://github.com/TheFakeMontyOnTheRun/knightsofalentejo.git
scheich-Throughput,https://github.com/scheich/Throughput.git
TilelessMap-TilelessMap,https://github.com/TilelessMap/TilelessMap.git
ThibaudM-timelapse-sony,https://github.com/ThibaudM/timelapse-sony.git
LuK1337-TimeTable2,https://github.com/LuK1337/TimeTable2.git
xperia64-timidity-ae,https://github.com/xperia64/timidity-ae.git
fistons-TinyTinyFeed,https://github.com/fistons/TinyTinyFeed.git
redfish64-TinyTravelTracker,https://github.com/redfish64/TinyTravelTracker.git
sorz-TinyKeePass,https://github.com/sorz/TinyKeePass.git
joaomneto-TitanCompanion,https://github.com/joaomneto/TitanCompanion.git
SecUSo-privacy-friendly-todo-list,https://github.com/SecUSo/privacy-friendly-todo-list.git
JakeLane-Toffeed,https://github.com/JakeLane/Toffeed.git
k3b-toGoZip,https://github.com/k3b/toGoZip.git
Fortyseven-ToneDef,https://github.com/Fortyseven/ToneDef.git
MrDoomy-Torch,https://github.com/MrDoomy/Torch.git
SecUSo-privacy-friendly-torchlight,https://github.com/SecUSo/privacy-friendly-torchlight.git
sujithkanna-TouchDetector,https://github.com/sujithkanna/TouchDetector.git
wistein-TourCount,https://github.com/wistein/TourCount.git
zamojski-TowerCollector,https://github.com/zamojski/TowerCollector.git
zoff99-CampFahrplan,https://github.com/zoff99/CampFahrplan.git
traccar-traccar-client-android,https://github.com/traccar/traccar-client-android.git
mathisdt-trackworktime,https://github.com/mathisdt/trackworktime.git
erickok-transdroid-search,https://github.com/erickok/transdroid-search.git
wistein-TransektCount,https://github.com/wistein/TransektCount.git
grote-Transportr,https://github.com/grote/Transportr.git
equeim-tremotesf-android,https://github.com/equeim/tremotesf-android.git
whirish-Tri-Valley-Buses,https://github.com/whirish/Tri-Valley-Buses.git
fabmazz-triesteinbus,https://github.com/fabmazz/triesteinbus.git
zoff99-ToxAndroidRefImpl,https://github.com/zoff99/ToxAndroidRefImpl.git
ebaschiera-TripleCamel,https://github.com/ebaschiera/TripleCamel.git
teal77-trireme,https://github.com/teal77/trireme.git
Dryec-tron-wallet-android,https://github.com/Dryec/tron-wallet-android.git
mlsoft-Trycorder5,https://github.com/mlsoft/Trycorder5.git
nilsbraden-ttrss-reader-fork,https://github.com/nilsbraden/ttrss-reader-fork.git
TobiasSchwirten-tuiodroid,https://github.com/TobiasSchwirten/tuiodroid.git
tuskyapp-Tusky,https://github.com/tuskyapp/Tusky.git
tutao-tutanota,https://github.com/tutao/tutanota.git
VelbazhdSoftwareLLC-tuty-fruty-slot-for-android,https://github.com/VelbazhdSoftwareLLC/tuty-fruty-slot-for-android.git
tux4kids-Tuxpaint-Android,https://github.com/tux4kids/Tuxpaint-Android.git
TwidereProject-Twidere-Android,https://github.com/TwidereProject/Twidere-Android.git
moko256-twitlatte,https://github.com/moko256/twitlatte.git
no-go-UART-Smartwatch,https://github.com/no-go/UART-Smartwatch.git
ultrasonic-ultrasonic,https://github.com/ultrasonic/ultrasonic.git
liveplayergames-UFP,https://github.com/liveplayergames/UFP.git
physphil-UnitConverterUltimate,https://github.com/physphil/UnitConverterUltimate.git
xxv-Units,https://github.com/xxv/Units.git
daverix-urlforwarder,https://github.com/daverix/urlforwarder.git
Streetwalrus-android_usb_msd,https://github.com/Streetwalrus/android_usb_msd.git
vanilla-music-vanilla,https://github.com/vanilla-music/vanilla.git
jiikuy-velocitycalculator,https://github.com/jiikuy/velocitycalculator.git
allan-simon-verbiste-android,https://github.com/allan-simon/verbiste-android.git
MarcusWolschon-osmeditor4android,https://github.com/MarcusWolschon/osmeditor4android.git
Antonis427-veterondo,https://github.com/Antonis427/veterondo.git
brarcher-video-transcoder,https://github.com/brarcher/video-transcoder.git
AdrienPoupa-VinylMusicPlayer,https://github.com/AdrienPoupa/VinylMusicPlayer.git
VelbazhdSoftwareLLC-VitoshaDM,https://github.com/VelbazhdSoftwareLLC/VitoshaDM.git
nicolasbrailo-VlcFreemote,https://github.com/nicolasbrailo/VlcFreemote.git
0xpr03-VocableTrainer-Android,https://github.com/0xpr03/VocableTrainer-Android.git
siacs-VoiceRecorder,https://github.com/siacs/VoiceRecorder.git
michaelkourlas-voipms-sms-client,https://github.com/michaelkourlas/voipms-sms-client.git
stephanepoinsart-votar,https://github.com/stephanepoinsart/votar.git
aperifons-Wa-Tor,https://github.com/aperifons/Wa-Tor.git
davidhealey-waistline,https://github.com/davidhealey/waistline.git
walleth-walleth,https://github.com/walleth/walleth.git
Limegrass-Wanicchou,https://github.com/Limegrass/Wanicchou.git
SpEcHiDe-WhatsAppTransmitter,https://github.com/SpEcHiDe/WhatsAppTransmitter.git
SecUSo-privacy-friendly-weather,https://github.com/SecUSo/privacy-friendly-weather.git
dh4-WeatherRadar,https://github.com/dh4/WeatherRadar.git
sanderbaas-WeatherWidget,https://github.com/sanderbaas/WeatherWidget.git
opacapp-opacclient,https://github.com/opacapp/opacclient.git
warenix-Web2PDF,https://github.com/warenix/Web2PDF.git
martykan-webTube,https://github.com/martykan/webTube.git
SecUSo-privacy-friendly-werewolf,https://github.com/SecUSo/privacy-friendly-werewolf.git
DaylightingSociety-WhereAreTheEyes,https://github.com/DaylightingSociety/WhereAreTheEyes.git
BramBonne-privacypolice,https://github.com/BramBonne/privacypolice.git
marcus905-android-wifi-ace,https://github.com/marcus905/android-wifi-ace.git
j4velin-WiFi-Automatic,https://github.com/j4velin/WiFi-Automatic.git
js-labs-WalkieTalkie,https://github.com/js-labs/WalkieTalkie.git
SLoeuillet-WIFI_EAP_SIM_Conf,https://github.com/SLoeuillet/WIFI_EAP_SIM_Conf.git
ivanvolosyuk-wifikeyboard,https://github.com/ivanvolosyuk/wifikeyboard.git
bparmentier-WiFiKeyShare,https://github.com/bparmentier/WiFiKeyShare.git
WikiJourney-wikijourney_app,https://github.com/WikiJourney/wikijourney_app.git
wikimedia-apps-android-wikipedia,https://github.com/wikimedia/apps-android-wikipedia.git
conchyliculture-wikipoff,https://github.com/conchyliculture/wikipoff.git
sryze-wirebug,https://github.com/sryze/wirebug.git
GrahamBlanshard-WiseRadar,https://github.com/GrahamBlanshard/WiseRadar.git
ylogx-wordpowermadeeasy,https://github.com/ylogx/wordpowermadeeasy.git
yeriomin-WorkoutLog,https://github.com/yeriomin/WorkoutLog.git
arminha-worldclockwidget,https://github.com/arminha/worldclockwidget.git
nus-mtp-worldscope,https://github.com/nus-mtp/worldscope.git
XCSoar-XCSoar,https://github.com/XCSoar/XCSoar.git
gbarre-xiaExpressAndroid,https://github.com/gbarre/xiaExpressAndroid.git
tcoxon-XkcdViewer,https://github.com/tcoxon/XkcdViewer.git
bradand-XMouse,https://github.com/bradand/XMouse.git
daktak-xposed_downloader,https://github.com/daktak/xposed_downloader.git
rovo89-XposedInstaller,https://github.com/rovo89/XposedInstaller.git
M66B-XPrivacyLua,https://github.com/M66B/XPrivacyLua.git
yeriomin-YalpStore,https://github.com/yeriomin/YalpStore.git
Yubico-yubiclip-android,https://github.com/Yubico/yubiclip-android.git
ka-ba-yucata.envoy,https://github.com/ka-ba/yucata.envoy.git
zoff99-zanavi,https://github.com/zoff99/zanavi.git
cemrich-zapp,https://github.com/cemrich/zapp.git
ngbvol-Zensuren,https://github.com/ngbvol/Zensuren.git
ianmcxa-ZephyrLogger,https://github.com/ianmcxa/ZephyrLogger.git
ligi-etheremote,https://github.com/ligi/etheremote.git
bfabiszewski-ulogger-android,https://github.com/bfabiszewski/ulogger-android.git
bronydell-Android-MGKEapp,https://github.com/bronydell/Android-MGKEapp.git
adavari-Todoer,https://github.com/adavari/Todoer.git